[
  {
    "id":0,
    "name":"Depot",
    "x":50.0,
    "y":50.0
  },
  {
    "id":1,
    "name":"Customer_1",
    "x":30.5,
    "y":45.2
  },
  {
    "id":2,
    "name":"Customer_2",
    "x":65.3,
    "y":72.8
  },
  {
    "id":3,
    "name":"Customer_3",
    "x":25.7,
    "y":68.4
  },
  {
    "id":4,
    "name":"Customer_4",
    "x":78.9,
    "y":35.6
  },
  {
    "id":5,
    "name":"Customer_5",
    "x":42.1,
    "y":28.3
  },
  {
    "id":6,
    "name":"Customer_6",
    "x":88.4,
    "y":61.2
  },
  {
    "id":7,
    "name":"Customer_7",
    "x":15.2,
    "y":55.9
  },
  {
    "id":8,
    "name":"Customer_8",
    "x":56.8,
    "y":82.4
  },
  {
    "id":9,
    "name":"Customer_9",
    "x":71.2,
    "y":48.3
  },
  {
    "id":10,
    "name":"Customer_10",
    "x":38.6,
    "y":91.5
  },
  {
    "id":11,
    "name":"Customer_11",
    "x":82.5,
    "y":22.8
  },
  {
    "id":12,
    "name":"Customer_12",
    "x":22.8,
    "y":32.1
  },
  {
    "id":13,
    "name":"Customer_13",
    "x":60.4,
    "y":15.7
  },
  {
    "id":14,
    "name":"Customer_14",
    "x":45.9,
    "y":65.8
  }
]