review_text,rating,helpfulness
This product exceeded my expectations with its excellent build quality and fast performance. Highly recommend for anyone looking for reliability.,5,helpful
Terrible experience with this item. It broke after just two days of normal use. Complete waste of money and very disappointing.,1,not_helpful
Pretty average product. Does what it claims but nothing special. The price point seems fair for what you get.,3,helpful
Amazing quality and fantastic customer service. This is exactly what I needed and it works perfectly every single time.,5,helpful
Not worth the money at all. The features advertised don't work properly and the materials feel very cheap.,2,not_helpful
Good product overall. A few minor issues with setup but once running it performs well. Would buy again.,4,helpful
Absolutely love this purchase. Best decision I made this year. The functionality is outstanding and very user friendly.,5,helpful
Did not meet my expectations. The product description was misleading and quality is subpar. Very frustrated with this purchase.,1,helpful
Decent value for the price. Not the best quality but it gets the job done. Adequate for basic needs.,3,not_helpful
Fantastic product that solves my problem perfectly. Well designed and durable. Worth every penny spent on it.,5,helpful
Very poor quality control. Arrived damaged and customer service was unhelpful. Would not recommend to anyone.,1,not_helpful
It's okay I guess. Works as described but feels a bit overpriced. There are probably better options available.,3,helpful
Really impressed with this purchase. Excellent features and very intuitive to use. Much better than competing products.,4,helpful
Complete disappointment. Stopped working after one week. Trying to get a refund but process is difficult.,1,helpful
Solid product with good performance. A few quirks but nothing major. Happy with my purchase overall.,4,not_helpful
Outstanding in every way. Superior craftsmanship and attention to detail. This company really knows what they're doing.,5,not_helpful
Below average quality. Functions minimally but has several annoying flaws. Expected much better for this price point.,2,helpful
Pretty good product that meets most of my needs. Installation was straightforward and it works reliably.,4,helpful
Not bad but not great either. Middle of the road performance. Does basic tasks fine but lacks advanced features.,3,not_helpful
Horrible product that I deeply regret buying. Poor materials and terrible design. Save your money and look elsewhere.,1,helpful