transaction_id,customer_id,transaction_date,amount,product_category,payment_method,status
1,1523,2023-01-15,234.50,Electronics,Credit Card,Completed
2,8745,2023-01-18,89.99,Clothing,Debit Card,Completed
3,3421,2023-01-22,1250.00,Electronics,Credit Card,Completed
4,5632,2023-01-25,45.75,Food,Cash,Completed
5,7854,2023-01-28,567.80,Home,PayPal,Pending
6,2341,2023-02-02,123.45,Books,Credit Card,Completed
7,9087,2023-02-05,890.25,Sports,Debit Card,Completed
8,4532,2023-02-08,34.99,Food,Cash,Completed
9,6789,2023-02-12,2100.00,Electronics,Credit Card,Cancelled
10,1234,2023-02-15,456.78,Clothing,PayPal,Completed
11,8901,2023-02-18,78.50,Books,Debit Card,Completed
12,3456,2023-02-22,1890.00,Home,Credit Card,Completed
13,7890,2023-02-25,234.60,Sports,Cash,Pending
14,2345,2023-03-01,567.90,Electronics,Credit Card,Completed
15,6543,2023-03-04,145.25,Food,Debit Card,Completed
16,4321,2023-03-08,3400.00,Electronics,Credit Card,Completed
17,8765,2023-03-11,89.99,Clothing,PayPal,Completed
18,1098,2023-03-15,456.00,Home,Credit Card,Cancelled
19,5432,2023-03-18,234.50,Books,Cash,Completed
20,9876,2023-03-22,1780.25,Sports,Debit Card,Completed
21,3210,2023-03-25,67.80,Food,Credit Card,Completed
22,7654,2023-03-28,890.00,Electronics,PayPal,Pending
23,2109,2023-04-02,234.99,Clothing,Debit Card,Completed
24,6547,2023-04-05,1456.50,Home,Credit Card,Completed
25,4328,2023-04-08,78.25,Books,Cash,Completed
26,8762,2023-04-12,2340.00,Electronics,Credit Card,Completed
27,1237,2023-04-15,567.80,Sports,PayPal,Completed
28,5439,2023-04-18,123.45,Food,Debit Card,Completed
29,9873,2023-04-22,890.75,Clothing,Credit Card,Cancelled
30,3218,2023-04-25,345.60,Home,Cash,Completed
31,7651,2023-04-28,1234.00,Electronics,Credit Card,Completed
32,2106,2023-05-02,456.25,Books,Debit Card,Pending
33,6544,2023-05-05,2890.50,Sports,Credit Card,Completed
34,4325,2023-05-08,89.99,Food,PayPal,Completed
35,8769,2023-05-12,567.00,Clothing,Debit Card,Completed
36,1231,2023-05-15,1890.75,Electronics,Credit Card,Completed
37,5436,2023-05-18,234.50,Home,Cash,Completed
38,9870,2023-05-22,678.90,Books,Credit Card,Cancelled
39,3215,2023-05-25,3450.00,Electronics,PayPal,Completed
40,7658,2023-05-28,123.45,Sports,Debit Card,Completed
41,2103,2023-06-01,890.25,Food,Credit Card,Completed
42,6541,2023-06-04,456.80,Clothing,Cash,Pending
43,4322,2023-06-08,2100.00,Home,Credit Card,Completed
44,8766,2023-06-11,234.99,Books,Debit Card,Completed
45,1238,2023-06-15,1567.50,Electronics,PayPal,Completed
46,5433,2023-06-18,89.75,Sports,Credit Card,Completed
47,9877,2023-06-22,345.60,Food,Cash,Cancelled
48,3212,2023-06-25,1890.00,Clothing,Debit Card,Completed
49,7655,2023-06-28,567.25,Home,Credit Card,Completed
50,2100,2023-07-02,2340.75,Electronics,PayPal,Completed
51,6548,2023-07-05,123.50,Books,Debit Card,Pending
52,4329,2023-07-08,890.00,Sports,Credit Card,Completed
53,8763,2023-07-12,234.99,Food,Cash,Completed
54,1232,2023-07-15,3456.80,Electronics,Credit Card,Completed
55,5430,2023-07-18,567.25,Clothing,PayPal,Completed
56,9874,2023-07-22,145.60,Home,Debit Card,Cancelled
57,3219,2023-07-25,1890.50,Books,Credit Card,Completed
58,7652,2023-07-28,456.75,Sports,Cash,Completed
59,2107,2023-08-01,2100.00,Electronics,Debit Card,Completed
60,6545,2023-08-04,89.99,Food,Credit Card,Pending
61,4326,2023-08-08,567.80,Clothing,PayPal,Completed
62,8760,2023-08-11,1234.50,Home,Debit Card,Completed
63,1239,2023-08-15,345.25,Books,Credit Card,Completed
64,5434,2023-08-18,2890.00,Electronics,Cash,Cancelled
65,9871,2023-08-22,123.45,Sports,Credit Card,Completed
66,3216,2023-08-25,890.75,Food,Debit Card,Completed
67,7659,2023-08-28,456.60,Clothing,PayPal,Completed
68,2104,2023-09-01,1567.50,Home,Credit Card,Pending
69,6542,2023-09-04,234.99,Books,Cash,Completed
70,4323,2023-09-08,3450.00,Electronics,Debit Card,Completed
71,8767,2023-09-11,567.25,Sports,Credit Card,Completed
72,1230,2023-09-15,89.80,Food,PayPal,Completed
73,5437,2023-09-18,1890.50,Clothing,Debit Card,Cancelled
74,9878,2023-09-22,345.60,Home,Credit Card,Completed
75,3213,2023-09-25,2100.75,Electronics,Cash,Completed
76,7656,2023-09-28,123.45,Books,Debit Card,Completed
77,2101,2023-10-02,890.00,Sports,Credit Card,Pending
78,6549,2023-10-05,456.25,Food,PayPal,Completed
79,4320,2023-10-08,1234.80,Clothing,Debit Card,Completed
80,8764,2023-10-12,234.99,Home,Credit Card,Completed
81,1233,2023-10-15,3456.50,Electronics,Cash,Cancelled
82,5431,2023-10-18,567.75,Books,Credit Card,Completed
83,9875,2023-10-22,145.60,Sports,Debit Card,Completed
84,3210,2023-10-25,1890.00,Food,PayPal,Completed
85,7653,2023-10-28,456.25,Clothing,Credit Card,Completed
86,2108,2023-11-01,2100.50,Home,Cash,Pending
87,6546,2023-11-04,89.99,Electronics,Debit Card,Completed
88,4327,2023-11-08,567.80,Books,Credit Card,Completed
89,8761,2023-11-11,1234.75,Sports,PayPal,Cancelled
90,1236,2023-11-15,345.60,Food,Debit Card,Completed
91,5438,2023-11-18,2890.00,Clothing,Credit Card,Completed
92,9872,2023-11-22,123.45,Home,Cash,Completed
93,3217,2023-11-25,890.50,Electronics,Debit Card,Pending
94,7650,2023-11-28,456.75,Books,Credit Card,Completed
95,2105,2023-12-01,1567.25,Sports,PayPal,Completed
96,6543,2023-12-04,234.99,Food,Debit Card,Completed
97,4324,2023-12-08,3450.80,Clothing,Credit Card,Cancelled
98,8768,2023-12-11,567.50,Home,Cash,Completed
99,1234,2023-12-15,89.99,Electronics,Debit Card,Completed
100,5435,2023-12-18,1890.75,Books,Credit Card,Completed
101,2341,2023-01-16,445.30,Electronics,PayPal,Completed
102,7823,2023-01-19,156.80,Clothing,Credit Card,Pending
103,4512,2023-01-23,2340.50,Home,Debit Card,Completed
104,9234,2023-01-26,78.25,Food,Cash,Completed
105,3645,2023-01-29,1234.00,Sports,Credit Card,Cancelled
106,6789,2023-02-03,567.90,Books,PayPal,Completed
107,1987,2023-02-06,890.75,Electronics,Debit Card,Completed
108,5432,2023-02-09,123.45,Clothing,Credit Card,Completed
109,8901,2023-02-13,3456.00,Home,Cash,Pending
110,2345,2023-02-16,234.50,Food,Debit Card,Completed
111,7654,2023-02-19,1890.25,Sports,Credit Card,Completed
112,4321,2023-02-23,456.80,Books,PayPal,Cancelled
113,9876,2023-02-26,2100.50,Electronics,Debit Card,Completed
114,3210,2023-03-02,89.99,Clothing,Credit Card,Completed
115,6543,2023-03-05,567.75,Home,Cash,Pending
116,1098,2023-03-09,1234.60,Food,Debit Card,Completed
117,5432,2023-03-12,345.25,Sports,Credit Card,Completed
118,8765,2023-03-16,2890.00,Electronics,PayPal,Completed
119,2109,2023-03-19,123.45,Books,Debit Card,Cancelled
120,7654,2023-03-23,890.80,Clothing,Credit Card,Completed
121,4328,2023-03-26,456.50,Home,Cash,Completed
122,9873,2023-03-29,1567.25,Sports,Debit Card,Pending
123,3218,2023-04-03,234.99,Food,Credit Card,Completed
124,6547,2023-04-06,3450.75,Electronics,PayPal,Completed
125,1237,2023-04-09,567.60,Clothing,Debit Card,Completed
126,5439,2023-04-13,89.99,Home,Credit Card,Cancelled
127,8762,2023-04-16,1890.50,Books,Cash,Completed
128,2106,2023-04-19,345.80,Sports,Debit Card,Completed
129,7651,2023-04-23,2100.25,Food,Credit Card,Pending
130,4325,2023-04-26,123.45,Electronics,PayPal,Completed
131,9870,2023-04-29,890.00,Clothing,Debit Card,Completed
132,3215,2023-05-03,456.75,Home,Credit Card,Completed
133,6544,2023-05-06,1234.50,Sports,Cash,Cancelled
134,1231,2023-05-09,234.99,Books,Debit Card,Completed
135,5436,2023-05-13,3456.80,Electronics,Credit Card,Pending
136,8769,2023-05-16,567.25,Food,PayPal,Completed
137,2103,2023-05-19,89.75,Clothing,Debit Card,Completed
138,7658,2023-05-23,1890.60,Home,Credit Card,Completed
139,4322,2023-05-26,345.50,Sports,Cash,Cancelled
140,9877,2023-05-29,2100.00,Books,Credit Card,Completed
141,3212,2023-06-02,123.45,Electronics,Debit Card,Pending
142,6541,2023-06-05,890.75,Clothing,PayPal,Completed
143,1238,2023-06-09,456.60,Food,Credit Card,Completed
144,5433,2023-06-12,1567.25,Home,Cash,Completed
145,8766,2023-06-16,234.99,Sports,Debit Card,Cancelled
146,2100,2023-06-19,3450.50,Electronics,Credit Card,Completed
147,7655,2023-06-23,567.80,Books,PayPal,Completed
148,4329,2023-06-26,89.99,Clothing,Debit Card,Pending
149,9874,2023-06-29,1890.25,Home,Credit Card,Completed
150,3219,2023-07-03,345.60,Food,Cash,Completed
151,6548,2023-07-06,2100.75,Sports,Debit Card,Completed
152,1232,2023-07-09,123.45,Electronics,Credit Card,Cancelled
153,5430,2023-07-13,890.00,Books,PayPal,Completed
154,8763,2023-07-16,456.25,Clothing,Debit Card,Completed
155,2107,2023-07-19,1234.80,Home,Credit Card,Pending
156,7652,2023-07-23,234.99,Sports,Cash,Completed
157,4326,2023-07-26,3456.50,Food,Debit Card,Completed
158,9871,2023-07-29,567.75,Electronics,Credit Card,Completed
159,3216,2023-08-02,89.60,Clothing,PayPal,Cancelled
160,6545,2023-08-05,1890.00,Books,Debit Card,Completed
161,1239,2023-08-09,345.25,Home,Credit Card,Completed
162,5434,2023-08-12,2100.50,Sports,Cash,Pending
163,8760,2023-08-16,123.45,Food,Debit Card,Completed
164,2104,2023-08-19,890.75,Electronics,Credit Card,Completed
165,7659,2023-08-23,456.60,Clothing,PayPal,Completed
166,4323,2023-08-26,1567.25,Home,Debit Card,Cancelled
167,9878,2023-08-29,234.99,Books,Credit Card,Completed
168,3213,2023-09-02,3450.80,Sports,Cash,Completed
169,6542,2023-09-05,567.50,Food,Debit Card,Pending
170,1230,2023-09-09,89.99,Electronics,Credit Card,Completed
171,5437,2023-09-12,1890.75,Clothing,PayPal,Completed
172,8767,2023-09-16,345.60,Home,Debit Card,Completed
173,2101,2023-09-19,2100.25,Books,Credit Card,Cancelled
174,7656,2023-09-23,123.45,Sports,Cash,Completed
175,4320,2023-09-26,890.00,Food,Debit Card,Completed
176,9875,2023-09-29,456.75,Electronics,Credit Card,Pending
177,3210,2023-10-03,1234.50,Clothing,PayPal,Completed
178,6549,2023-10-06,234.99,Home,Debit Card,Completed
179,1233,2023-10-10,3456.80,Sports,Credit Card,Completed
180,5431,2023-10-13,567.25,Books,Cash,Cancelled
181,8764,2023-10-17,89.75,Food,Debit Card,Completed
182,2108,2023-10-20,1890.50,Electronics,Credit Card,Completed
183,7653,2023-10-24,345.60,Clothing,PayPal,Pending
184,4327,2023-10-27,2100.00,Home,Debit Card,Completed
185,9872,2023-10-30,123.45,Sports,Credit Card,Completed
186,3217,2023-11-02,890.75,Books,Cash,Completed
187,6546,2023-11-05,456.60,Food,Debit Card,Cancelled
188,1236,2023-11-09,1567.25,Electronics,Credit Card,Completed
189,5438,2023-11-12,234.99,Clothing,PayPal,Pending
190,8761,2023-11-16,3450.50,Home,Debit Card,Completed
191,2105,2023-11-19,567.80,Sports,Credit Card,Completed
192,7650,2023-11-23,89.99,Books,Cash,Completed
193,4324,2023-11-26,1890.25,Food,Debit Card,Cancelled
194,9873,2023-11-29,345.60,Electronics,Credit Card,Completed
195,3219,2023-12-02,2100.75,Clothing,PayPal,Completed
196,6543,2023-12-05,123.45,Home,Debit Card,Pending
197,1234,2023-12-09,890.00,Sports,Credit Card,Completed
198,5435,2023-12-12,456.25,Books,Cash,Completed
199,8768,2023-12-16,1234.80,Food,Debit Card,Completed
200,2341,2023-12-19,234.99,Electronics,Credit Card,Cancelled
201,7823,2023-01-17,567.50,Clothing,PayPal,Completed
202,4512,2023-01-20,89.99,Home,Debit Card,Pending
203,9234,2023-01-24,1890.75,Sports,Credit Card,Completed
204,3645,2023-01-27,345.60,Books,Cash,Completed
205,6789,2023-01-30,2100.25,Food,Debit Card,Completed
206,1987,2023-02-04,123.45,Electronics,Credit Card,Cancelled
207,5432,2023-02-07,890.00,Clothing,PayPal,Completed
208,8901,2023-02-10,456.75,Home,Debit Card,Completed
209,2345,2023-02-14,1234.50,Sports,Credit Card,Pending
210,7654,2023-02-17,234.99,Books,Cash,Completed
211,4321,2023-02-20,3456.80,Food,Debit Card,Completed
212,9876,2023-02-24,567.25,Electronics,Credit Card,Completed
213,3210,2023-02-27,89.75,Clothing,PayPal,Cancelled
214,6543,2023-03-03,1890.50,Home,Debit Card,Completed
215,1098,2023-03-06,345.60,Sports,Credit Card,Completed
216,5432,2023-03-10,2100.00,Books,Cash,Pending
217,8765,2023-03-13,123.45,Food,Debit Card,Completed
218,2109,2023-03-17,890.75,Electronics,Credit Card,Completed
219,7654,2023-03-20,456.60,Clothing,PayPal,Completed
220,4328,2023-03-24,1567.25,Home,Debit Card,Cancelled
221,9873,2023-03-27,234.99,Sports,Credit Card,Completed
222,3218,2023-03-30,3450.50,Books,Cash,Completed
223,6547,2023-04-04,567.80,Food,Debit Card,Pending
224,1237,2023-04-07,89.99,Electronics,Credit Card,Completed
225,5439,2023-04-10,1890.25,Clothing,PayPal,Completed
226,8762,2023-04-14,345.60,Home,Debit Card,Completed
227,2106,2023-04-17,2100.75,Sports,Credit Card,Cancelled
228,7651,2023-04-20,123.45,Books,Cash,Completed
229,4325,2023-04-24,890.00,Food,Debit Card,Completed
230,9870,2023-04-27,456.25,Electronics,Credit Card,Pending
231,3215,2023-04-30,1234.80,Clothing,PayPal,Completed
232,6544,2023-05-04,234.99,Home,Debit Card,Completed
233,1231,2023-05-07,3456.50,Sports,Credit Card,Completed
234,5436,2023-05-10,567.75,Books,Cash,Cancelled
235,8769,2023-05-14,89.60,Food,Debit Card,Completed
236,2103,2023-05-17,1890.00,Electronics,Credit Card,Completed
237,7658,2023-05-20,345.25,Clothing,PayPal,Pending
238,4322,2023-05-24,2100.50,Home,Debit Card,Completed
239,9877,2023-05-27,123.45,Sports,Credit Card,Completed
240,3212,2023-05-30,890.75,Books,Cash,Completed
241,6541,2023-06-03,456.60,Food,Debit Card,Cancelled
242,1238,2023-06-06,1567.25,Electronics,Credit Card,Completed
243,5433,2023-06-10,234.99,Clothing,PayPal,Completed
244,8766,2023-06-13,3450.80,Home,Debit Card,Pending
245,2100,2023-06-17,567.50,Sports,Credit Card,Completed
246,7655,2023-06-20,89.99,Books,Cash,Completed
247,4329,2023-06-24,1890.75,Food,Debit Card,Completed
248,9874,2023-06-27,345.60,Electronics,Credit Card,Cancelled
249,3219,2023-06-30,2100.25,Clothing,PayPal,Completed
250,6548,2023-07-04,123.45,Home,Debit Card,Completed
251,1232,2023-07-07,890.00,Sports,Credit Card,Pending
252,5430,2023-07-10,456.75,Books,Cash,Completed
253,8763,2023-07-14,1234.50,Food,Debit Card,Completed
254,2107,2023-07-17,234.99,Electronics,Credit Card,Completed
255,7652,2023-07-20,3456.80,Clothing,PayPal,Cancelled
256,4326,2023-07-24,567.25,Home,Debit Card,Completed
257,9871,2023-07-27,89.75,Sports,Credit Card,Completed
258,3216,2023-07-30,1890.50,Books,Cash,Pending
259,6545,2023-08-03,345.60,Food,Debit Card,Completed
260,1239,2023-08-06,2100.00,Electronics,Credit Card,Completed
261,5434,2023-08-10,123.45,Clothing,PayPal,Completed
262,8760,2023-08-13,890.75,Home,Debit Card,Cancelled
263,2104,2023-08-17,456.60,Sports,Credit Card,Completed
264,7659,2023-08-20,1567.25,Books,Cash,Completed
265,4323,2023-08-24,234.99,Food,Debit Card,Pending
266,9878,2023-08-27,3450.50,Electronics,Credit Card,Completed
267,3213,2023-08-30,567.80,Clothing,PayPal,Completed
268,6542,2023-09-03,89.99,Home,Debit Card,Completed
269,1230,2023-09-06,1890.25,Sports,Credit Card,Cancelled
270,5437,2023-09-10,345.60,Books,Cash,Completed
271,8767,2023-09-13,2100.75,Food,Debit Card,Completed
272,2101,2023-09-17,123.45,Electronics,Credit Card,Pending
273,7656,2023-09-20,890.00,Clothing,PayPal,Completed
274,4320,2023-09-24,456.25,Home,Debit Card,Completed
275,9875,2023-09-27,1234.80,Sports,Credit Card,Completed
276,3210,2023-09-30,234.99,Books,Cash,Cancelled
277,6549,2023-10-04,3456.50,Food,Debit Card,Completed
278,1233,2023-10-07,567.75,Electronics,Credit Card,Completed
279,5431,2023-10-11,89.60,Clothing,PayPal,Pending
280,8764,2023-10-14,1890.00,Home,Debit Card,Completed
281,2108,2023-10-18,345.25,Sports,Credit Card,Completed
282,7653,2023-10-21,2100.50,Books,Cash,Completed
283,4327,2023-10-25,123.45,Food,Debit Card,Cancelled
284,9872,2023-10-28,890.75,Electronics,Credit Card,Completed
285,3217,2023-10-31,456.60,Clothing,PayPal,Completed
286,6546,2023-11-03,1567.25,Home,Debit Card,Pending
287,1236,2023-11-06,234.99,Sports,Credit Card,Completed
288,5438,2023-11-10,3450.80,Books,Cash,Completed
289,8761,2023-11-13,567.50,Food,Debit Card,Completed
290,2105,2023-11-17,89.99,Electronics,Credit Card,Cancelled
291,7650,2023-11-20,1890.75,Clothing,PayPal,Completed
292,4324,2023-11-24,345.60,Home,Debit Card,Completed
293,9873,2023-11-27,2100.25,Sports,Credit Card,Pending
294,3219,2023-11-30,123.45,Books,Cash,Completed
295,6543,2023-12-03,890.00,Food,Debit Card,Completed
296,1234,2023-12-06,456.75,Electronics,Credit Card,Completed
297,5435,2023-12-10,1234.50,Clothing,PayPal,Cancelled
298,8768,2023-12-13,234.99,Home,Debit Card,Completed
299,2341,2023-12-17,3456.80,Sports,Credit Card,Completed
300,7823,2023-12-20,567.25,Books,Cash,Pending
301,4512,2023-01-18,89.75,Food,Debit Card,Completed
302,9234,2023-01-21,1890.50,Electronics,Credit Card,Completed
303,3645,2023-01-25,345.60,Clothing,PayPal,Completed
304,6789,2023-01-28,2100.00,Home,Debit Card,Cancelled
305,1987,2023-01-31,123.45,Sports,Credit Card,Completed
306,5432,2023-02-05,890.75,Books,Cash,Completed
307,8901,2023-02-08,456.60,Food,Debit Card,Pending
308,2345,2023-02-11,1567.25,Electronics,Credit Card,Completed
309,7654,2023-02-15,234.99,Clothing,PayPal,Completed
310,4321,2023-02-18,3450.50,Home,Debit Card,Completed
311,9876,2023-02-21,567.80,Sports,Credit Card,Cancelled
312,3210,2023-02-25,89.99,Books,Cash,Completed
313,6543,2023-02-28,1890.25,Food,Debit Card,Completed
314,1098,2023-03-04,345.60,Electronics,Credit Card,Pending
315,5432,2023-03-07,2100.75,Clothing,PayPal,Completed
316,8765,2023-03-11,123.45,Home,Debit Card,Completed
317,2109,2023-03-14,890.00,Sports,Credit Card,Completed
318,7654,2023-03-18,456.25,Books,Cash,Cancelled
319,4328,2023-03-21,1234.80,Food,Debit Card,Completed
320,9873,2023-03-25,234.99,Electronics,Credit Card,Completed
321,3218,2023-03-28,3456.50,Clothing,PayPal,Pending
322,6547,2023-03-31,567.75,Home,Debit Card,Completed
323,1237,2023-04-05,89.60,Sports,Credit Card,Completed
324,5439,2023-04-08,1890.00,Books,Cash,Completed
325,8762,2023-04-11,345.25,Food,Debit Card,Cancelled
326,2106,2023-04-15,2100.50,Electronics,Credit Card,Completed
327,7651,2023-04-18,123.45,Clothing,PayPal,Completed
328,4325,2023-04-21,890.75,Home,Debit Card,Pending
329,9870,2023-04-25,456.60,Sports,Credit Card,Completed
330,3215,2023-04-28,1567.25,Books,Cash,Completed
331,6544,2023-05-01,234.99,Food,Debit Card,Completed
332,1231,2023-05-05,3450.80,Electronics,Credit Card,Cancelled
333,5436,2023-05-08,567.50,Clothing,PayPal,Completed
334,8769,2023-05-11,89.99,Home,Debit Card,Completed
335,2103,2023-05-15,1890.75,Sports,Credit Card,Pending
336,7658,2023-05-18,345.60,Books,Cash,Completed
337,4322,2023-05-21,2100.25,Food,Debit Card,Completed
338,9877,2023-05-25,123.45,Electronics,Credit Card,Completed
339,3212,2023-05-28,890.00,Clothing,PayPal,Cancelled
340,6541,2023-05-31,456.75,Home,Debit Card,Completed
341,1238,2023-06-04,1234.50,Sports,Credit Card,Completed
342,5433,2023-06-07,234.99,Books,Cash,Pending
343,8766,2023-06-11,3456.80,Food,Debit Card,Completed
344,2100,2023-06-14,567.25,Electronics,Credit Card,Completed
345,7655,2023-06-18,89.75,Clothing,PayPal,Completed
346,4329,2023-06-21,1890.50,Home,Debit Card,Cancelled
347,9874,2023-06-25,345.60,Sports,Credit Card,Completed
348,3219,2023-06-28,2100.00,Books,Cash,Completed
349,6548,2023-07-01,123.45,Food,Debit Card,Pending
350,1232,2023-07-05,890.75,Electronics,Credit Card,Completed
351,5430,2023-07-08,456.60,Clothing,PayPal,Completed
352,8763,2023-07-11,1567.25,Home,Debit Card,Completed
353,2107,2023-07-15,234.99,Sports,Credit Card,Cancelled
354,7652,2023-07-18,3450.50,Books,Cash,Completed
355,4326,2023-07-21,567.80,Food,Debit Card,Completed
356,9871,2023-07-25,89.99,Electronics,Credit Card,Pending
357,3216,2023-07-28,1890.25,Clothing,PayPal,Completed
358,6545,2023-07-31,345.60,Home,Debit Card,Completed
359,1239,2023-08-04,2100.75,Sports,Credit Card,Completed
360,5434,2023-08-07,123.45,Books,Cash,Cancelled
361,8760,2023-08-11,890.00,Food,Debit Card,Completed
362,2104,2023-08-14,456.25,Electronics,Credit Card,Completed
363,7659,2023-08-18,1234.80,Clothing,PayPal,Pending
364,4323,2023-08-21,234.99,Home,Debit Card,Completed
365,9878,2023-08-25,3456.50,Sports,Credit Card,Completed
366,3213,2023-08-28,567.75,Books,Cash,Completed
367,6542,2023-08-31,89.60,Food,Debit Card,Cancelled
368,1230,2023-09-04,1890.00,Electronics,Credit Card,Completed
369,5437,2023-09-07,345.25,Clothing,PayPal,Completed
370,8767,2023-09-11,2100.50,Home,Debit Card,Pending
371,2101,2023-09-14,123.45,Sports,Credit Card,Completed
372,7656,2023-09-18,890.75,Books,Cash,Completed
373,4320,2023-09-21,456.60,Food,Debit Card,Completed
374,9875,2023-09-25,1567.25,Electronics,Credit Card,Cancelled
375,3210,2023-09-28,234.99,Clothing,PayPal,Completed
376,6549,2023-10-01,3450.80,Home,Debit Card,Completed
377,1233,2023-10-05,567.50,Sports,Credit Card,Pending
378,5431,2023-10-08,89.99,Books,Cash,Completed
379,8764,2023-10-12,1890.75,Food,Debit Card,Completed
380,2108,2023-10-15,345.60,Electronics,Credit Card,Completed
381,7653,2023-10-19,2100.25,Clothing,PayPal,Cancelled
382,4327,2023-10-22,123.45,Home,Debit Card,Completed
383,9872,2023-10-26,890.00,Sports,Credit Card,Completed
384,3217,2023-10-29,456.75,Books,Cash,Pending
385,6546,2023-11-01,1234.50,Food,Debit Card,Completed
386,1236,2023-11-04,234.99,Electronics,Credit Card,Completed
387,5438,2023-11-08,3456.80,Clothing,PayPal,Completed
388,8761,2023-11-11,567.25,Home,Debit Card,Cancelled
389,2105,2023-11-15,89.75,Sports,Credit Card,Completed
390,7650,2023-11-18,1890.50,Books,Cash,Completed
391,4324,2023-11-22,345.60,Food,Debit Card,Pending
392,9873,2023-11-25,2100.00,Electronics,Credit Card,Completed
393,3219,2023-11-28,123.45,Clothing,PayPal,Completed
394,6543,2023-12-01,890.75,Home,Debit Card,Completed
395,1234,2023-12-04,456.60,Sports,Credit Card,Cancelled
396,5435,2023-12-07,1567.25,Books,Cash,Completed
397,8768,2023-12-11,234.99,Food,Debit Card,Completed
398,2341,2023-12-14,3450.50,Electronics,Credit Card,Pending
399,7823,2023-12-18,567.80,Clothing,PayPal,Completed
400,4512,2023-12-21,89.99,Home,Debit Card,Completed
401,9234,2023-01-19,1890.25,Sports,Credit Card,Completed
402,3645,2023-01-22,345.60,Books,Cash,Cancelled
403,6789,2023-01-26,2100.75,Food,Debit Card,Completed
404,1987,2023-01-29,123.45,Electronics,Credit Card,Completed
405,5432,2023-02-01,890.00,Clothing,PayPal,Pending
406,8901,2023-02-06,456.25,Home,Debit Card,Completed
407,2345,2023-02-09,1234.80,Sports,Credit Card,Completed
408,7654,2023-02-12,234.99,Books,Cash,Completed
409,4321,2023-02-16,3456.50,Food,Debit Card,Cancelled
410,9876,2023-02-19,567.75,Electronics,Credit Card,Completed
411,3210,2023-02-22,89.60,Clothing,PayPal,Completed
412,6543,2023-02-26,1890.00,Home,Debit Card,Pending
413,1098,2023-03-01,345.25,Sports,Credit Card,Completed
414,5432,2023-03-05,2100.50,Books,Cash,Completed
415,8765,2023-03-08,123.45,Food,Debit Card,Completed
416,2109,2023-03-12,890.75,Electronics,Credit Card,Cancelled
417,7654,2023-03-15,456.60,Clothing,PayPal,Completed
418,4328,2023-03-19,1567.25,Home,Debit Card,Completed
419,9873,2023-03-22,234.99,Sports,Credit Card,Pending
420,3218,2023-03-26,3450.80,Books,Cash,Completed
421,6547,2023-03-29,567.50,Food,Debit Card,Completed
422,1237,2023-04-01,89.99,Electronics,Credit Card,Completed
423,5439,2023-04-06,1890.75,Clothing,PayPal,Cancelled
424,8762,2023-04-09,345.60,Home,Debit Card,Completed
425,2106,2023-04-12,2100.25,Sports,Credit Card,Completed
426,7651,2023-04-16,123.45,Books,Cash,Pending
427,4325,2023-04-19,890.00,Food,Debit Card,Completed
428,9870,2023-04-22,456.75,Electronics,Credit Card,Completed
429,3215,2023-04-26,1234.50,Clothing,PayPal,Completed
430,6544,2023-04-29,234.99,Home,Debit Card,Cancelled
431,1231,2023-05-02,3456.80,Sports,Credit Card,Completed
432,5436,2023-05-06,567.25,Books,Cash,Completed
433,8769,2023-05-09,89.75,Food,Debit Card,Pending
434,2103,2023-05-12,1890.50,Electronics,Credit Card,Completed
435,7658,2023-05-16,345.60,Clothing,PayPal,Completed
436,4322,2023-05-19,2100.00,Home,Debit Card,Completed
437,9877,2023-05-22,123.45,Sports,Credit Card,Cancelled
438,3212,2023-05-26,890.75,Books,Cash,Completed
439,6541,2023-05-29,456.60,Food,Debit Card,Completed
440,1238,2023-06-01,1567.25,Electronics,Credit Card,Pending
441,5433,2023-06-05,234.99,Clothing,PayPal,Completed
442,8766,2023-06-08,3450.50,Home,Debit Card,Completed
443,2100,2023-06-12,567.80,Sports,Credit Card,Completed
444,7655,2023-06-15,89.99,Books,Cash,Cancelled
445,4329,2023-06-19,1890.25,Food,Debit Card,Completed
446,9874,2023-06-22,345.60,Electronics,Credit Card,Completed
447,3219,2023-06-26,2100.75,Clothing,PayPal,Pending
448,6548,2023-06-29,123.45,Home,Debit Card,Completed
449,1232,2023-07-02,890.00,Sports,Credit Card,Completed
450,5430,2023-07-06,456.25,Books,Cash,Completed
451,8763,2023-07-09,1234.80,Food,Debit Card,Cancelled
452,2107,2023-07-12,234.99,Electronics,Credit Card,Completed
453,7652,2023-07-16,3456.50,Clothing,PayPal,Completed
454,4326,2023-07-19,567.75,Home,Debit Card,Pending
455,9871,2023-07-22,89.60,Sports,Credit Card,Completed
456,3216,2023-07-26,1890.00,Books,Cash,Completed
457,6545,2023-07-29,345.25,Food,Debit Card,Completed
458,1239,2023-08-01,2100.50,Electronics,Credit Card,Cancelled
459,5434,2023-08-05,123.45,Clothing,PayPal,Completed
460,8760,2023-08-08,890.75,Home,Debit Card,Completed
461,2104,2023-08-12,456.60,Sports,Credit Card,Pending
462,7659,2023-08-15,1567.25,Books,Cash,Completed
463,4323,2023-08-19,234.99,Food,Debit Card,Completed
464,9878,2023-08-22,3450.80,Electronics,Credit Card,Completed
465,3213,2023-08-26,567.50,Clothing,PayPal,Cancelled
466,6542,2023-08-29,89.99,Home,Debit Card,Completed
467,1230,2023-09-01,1890.75,Sports,Credit Card,Completed
468,5437,2023-09-05,345.60,Books,Cash,Pending
469,8767,2023-09-08,2100.25,Food,Debit Card,Completed
470,2101,2023-09-12,123.45,Electronics,Credit Card,Completed
471,7656,2023-09-15,890.00,Clothing,PayPal,Completed
472,4320,2023-09-19,456.75,Home,Debit Card,Cancelled
473,9875,2023-09-22,1234.50,Sports,Credit Card,Completed
474,3210,2023-09-26,234.99,Books,Cash,Completed
475,6549,2023-09-29,3456.80,Food,Debit Card,Pending
476,1233,2023-10-02,567.25,Electronics,Credit Card,Completed
477,5431,2023-10-06,89.75,Clothing,PayPal,Completed
478,8764,2023-10-09,1890.50,Home,Debit Card,Completed
479,2108,2023-10-13,345.60,Sports,Credit Card,Cancelled
480,7653,2023-10-16,2100.00,Books,Cash,Completed
481,4327,2023-10-20,123.45,Food,Debit Card,Completed
482,9872,2023-10-23,890.75,Electronics,Credit Card,Pending
483,3217,2023-10-27,456.60,Clothing,PayPal,Completed
484,6546,2023-10-30,1567.25,Home,Debit Card,Completed
485,1236,2023-11-02,234.99,Sports,Credit Card,Completed
486,5438,2023-11-06,3450.50,Books,Cash,Cancelled
487,8761,2023-11-09,567.80,Food,Debit Card,Completed
488,2105,2023-11-13,89.99,Electronics,Credit Card,Completed
489,7650,2023-11-16,1890.25,Clothing,PayPal,Pending
490,4324,2023-11-20,345.60,Home,Debit Card,Completed
491,9873,2023-11-23,2100.75,Sports,Credit Card,Completed
492,3219,2023-11-27,123.45,Books,Cash,Completed
493,6543,2023-11-30,890.00,Food,Debit Card,Cancelled
494,1234,2023-12-03,456.25,Electronics,Credit Card,Completed
495,5435,2023-12-06,1234.80,Clothing,PayPal,Completed
496,8768,2023-12-10,234.99,Home,Debit Card,Pending
497,2341,2023-12-13,3456.50,Sports,Credit Card,Completed
498,7823,2023-12-17,567.75,Books,Cash,Completed
499,4512,2023-12-20,89.60,Food,Debit Card,Completed
500,9234,2023-12-24,1890.00,Electronics,Credit Card,Cancelled
501,3645,2023-01-20,345.25,Clothing,PayPal,Completed
502,6789,2023-01-23,2100.50,Home,Debit Card,Completed
503,1987,2023-01-27,123.45,Sports,Credit Card,Pending
504,5432,2023-01-30,890.75,Books,Cash,Completed
505,8901,2023-02-02,456.60,Food,Debit Card,Completed
506,2345,2023-02-07,1567.25,Electronics,Credit Card,Completed
507,7654,2023-02-10,234.99,Clothing,PayPal,Cancelled
508,4321,2023-02-13,3450.80,Home,Debit Card,Completed
509,9876,2023-02-17,567.50,Sports,Credit Card,Completed
510,3210,2023-02-20,89.99,Books,Cash,Pending
511,6543,2023-02-23,1890.75,Food,Debit Card,Completed
512,1098,2023-02-27,345.60,Electronics,Credit Card,Completed
513,5432,2023-03-02,2100.25,Clothing,PayPal,Completed
514,8765,2023-03-06,123.45,Home,Debit Card,Cancelled
515,2109,2023-03-09,890.00,Sports,Credit Card,Completed
516,7654,2023-03-13,456.75,Books,Cash,Completed
517,4328,2023-03-16,1234.50,Food,Debit Card,Pending
518,9873,2023-03-20,234.99,Electronics,Credit Card,Completed
519,3218,2023-03-23,3456.80,Clothing,PayPal,Completed
520,6547,2023-03-27,567.25,Home,Debit Card,Completed
521,1237,2023-03-30,89.75,Sports,Credit Card,Cancelled
522,5439,2023-04-02,1890.50,Books,Cash,Completed
523,8762,2023-04-07,345.60,Food,Debit Card,Completed
524,2106,2023-04-10,2100.00,Electronics,Credit Card,Pending
525,7651,2023-04-13,123.45,Clothing,PayPal,Completed
526,4325,2023-04-17,890.75,Home,Debit Card,Completed
527,9870,2023-04-20,456.60,Sports,Credit Card,Completed
528,3215,2023-04-23,1567.25,Books,Cash,Cancelled
529,6544,2023-04-27,234.99,Food,Debit Card,Completed
530,1231,2023-04-30,3450.50,Electronics,Credit Card,Completed
531,5436,2023-05-03,567.80,Clothing,PayPal,Pending
532,8769,2023-05-07,89.99,Home,Debit Card,Completed
533,2103,2023-05-10,1890.25,Sports,Credit Card,Completed
534,7658,2023-05-13,345.60,Books,Cash,Completed
535,4322,2023-05-17,2100.75,Food,Debit Card,Cancelled
536,9877,2023-05-20,123.45,Electronics,Credit Card,Completed
537,3212,2023-05-23,890.00,Clothing,PayPal,Completed
538,6541,2023-05-27,456.25,Home,Debit Card,Pending
539,1238,2023-05-30,1234.80,Sports,Credit Card,Completed
540,5433,2023-06-02,234.99,Books,Cash,Completed
541,8766,2023-06-06,3456.50,Food,Debit Card,Completed
542,2100,2023-06-09,567.75,Electronics,Credit Card,Cancelled
543,7655,2023-06-13,89.60,Clothing,PayPal,Completed
544,4329,2023-06-16,1890.00,Home,Debit Card,Completed
545,9874,2023-06-20,345.25,Sports,Credit Card,Pending
546,3219,2023-06-23,2100.50,Books,Cash,Completed
547,6548,2023-06-27,123.45,Food,Debit Card,Completed
548,1232,2023-06-30,890.75,Electronics,Credit Card,Completed
549,5430,2023-07-03,456.60,Clothing,PayPal,Cancelled
550,8763,2023-07-07,1567.25,Home,Debit Card,Completed
551,2107,2023-07-10,234.99,Sports,Credit Card,Completed
552,7652,2023-07-13,3450.80,Books,Cash,Pending
553,4326,2023-07-17,567.50,Food,Debit Card,Completed
554,9871,2023-07-20,89.99,Electronics,Credit Card,Completed
555,3216,2023-07-23,1890.75,Clothing,PayPal,Completed
556,6545,2023-07-27,345.60,Home,Debit Card,Cancelled
557,1239,2023-07-30,2100.25,Sports,Credit Card,Completed
558,5434,2023-08-02,123.45,Books,Cash,Completed
559,8760,2023-08-06,890.00,Food,Debit Card,Pending
560,2104,2023-08-09,456.75,Electronics,Credit Card,Completed
561,7659,2023-08-13,1234.50,Clothing,PayPal,Completed
562,4323,2023-08-16,234.99,Home,Debit Card,Completed
563,9878,2023-08-20,3456.80,Sports,Credit Card,Cancelled
564,3213,2023-08-23,567.25,Books,Cash,Completed
565,6542,2023-08-27,89.75,Food,Debit Card,Completed
566,1230,2023-08-30,1890.50,Electronics,Credit Card,Pending
567,5437,2023-09-02,345.60,Clothing,PayPal,Completed
568,8767,2023-09-06,2100.00,Home,Debit Card,Completed
569,2101,2023-09-09,123.45,Sports,Credit Card,Completed
570,7656,2023-09-13,890.75,Books,Cash,Cancelled
571,4320,2023-09-16,456.60,Food,Debit Card,Completed
572,9875,2023-09-20,1567.25,Electronics,Credit Card,Completed
573,3210,2023-09-23,234.99,Clothing,PayPal,Pending
574,6549,2023-09-27,3450.50,Home,Debit Card,Completed
575,1233,2023-09-30,567.80,Sports,Credit Card,Completed
576,5431,2023-10-03,89.99,Books,Cash,Completed
577,8764,2023-10-07,1890.25,Food,Debit Card,Cancelled
578,2108,2023-10-10,345.60,Electronics,Credit Card,Completed
579,7653,2023-10-14,2100.75,Clothing,PayPal,Completed
580,4327,2023-10-17,123.45,Home,Debit Card,Pending
581,9872,2023-10-21,890.00,Sports,Credit Card,Completed
582,3217,2023-10-24,456.25,Books,Cash,Completed
583,6546,2023-10-28,1234.80,Food,Debit Card,Completed
584,1236,2023-10-31,234.99,Electronics,Credit Card,Cancelled
585,5438,2023-11-03,3456.50,Clothing,PayPal,Completed
586,8761,2023-11-07,567.75,Home,Debit Card,Completed
587,2105,2023-11-10,89.60,Sports,Credit Card,Pending
588,7650,2023-11-14,1890.00,Books,Cash,Completed
589,4324,2023-11-17,345.25,Food,Debit Card,Completed
590,9873,2023-11-21,2100.50,Electronics,Credit Card,Completed
591,3219,2023-11-24,123.45,Clothing,PayPal,Cancelled
592,6543,2023-11-28,890.75,Home,Debit Card,Completed
593,1234,2023-12-01,456.60,Sports,Credit Card,Completed
594,5435,2023-12-04,1567.25,Books,Cash,Pending
595,8768,2023-12-08,234.99,Food,Debit Card,Completed
596,2341,2023-12-11,3450.80,Electronics,Credit Card,Completed
597,7823,2023-12-15,567.50,Clothing,PayPal,Completed
598,4512,2023-12-18,89.99,Home,Debit Card,Cancelled
599,9234,2023-12-22,1890.75,Sports,Credit Card,Completed
600,3645,2023-12-25,345.60,Books,Cash,Completed
601,6789,2023-01-21,2100.25,Food,Debit Card,Pending
602,1987,2023-01-24,123.45,Electronics,Credit Card,Completed
603,5432,2023-01-28,890.00,Clothing,PayPal,Completed
604,8901,2023-01-31,456.75,Home,Debit Card,Completed
605,2345,2023-02-03,1234.50,Sports,Credit Card,Cancelled
606,7654,2023-02-08,234.99,Books,Cash,Completed
607,4321,2023-02-11,3456.80,Food,Debit Card,Completed
608,9876,2023-02-14,567.25,Electronics,Credit Card,Pending
609,3210,2023-02-18,89.75,Clothing,PayPal,Completed
610,6543,2023-02-21,1890.50,Home,Debit Card,Completed
611,1098,2023-02-24,345.60,Sports,Credit Card,Completed
612,5432,2023-02-28,2100.00,Books,Cash,Cancelled
613,8765,2023-03-03,123.45,Food,Debit Card,Completed
614,2109,2023-03-07,890.75,Electronics,Credit Card,Completed
615,7654,2023-03-10,456.60,Clothing,PayPal,Pending
616,4328,2023-03-14,1567.25,Home,Debit Card,Completed
617,9873,2023-03-17,234.99,Sports,Credit Card,Completed
618,3218,2023-03-21,3450.50,Books,Cash,Completed
619,6547,2023-03-24,567.80,Food,Debit Card,Cancelled
620,1237,2023-03-28,89.99,Electronics,Credit Card,Completed
621,5439,2023-03-31,1890.25,Clothing,PayPal,Completed
622,8762,2023-04-03,345.60,Home,Debit Card,Pending
623,2106,2023-04-08,2100.75,Sports,Credit Card,Completed
624,7651,2023-04-11,123.45,Books,Cash,Completed
625,4325,2023-04-14,890.00,Food,Debit Card,Completed
626,9870,2023-04-18,456.25,Electronics,Credit Card,Cancelled
627,3215,2023-04-21,1234.80,Clothing,PayPal,Completed
628,6544,2023-04-24,234.99,Home,Debit Card,Completed
629,1231,2023-04-28,3456.50,Sports,Credit Card,Pending
630,5436,2023-05-01,567.75,Books,Cash,Completed
631,8769,2023-05-04,89.60,Food,Debit Card,Completed
632,2103,2023-05-08,1890.00,Electronics,Credit Card,Completed
633,7658,2023-05-11,345.25,Clothing,PayPal,Cancelled
634,4322,2023-05-14,2100.50,Home,Debit Card,Completed
635,9877,2023-05-18,123.45,Sports,Credit Card,Completed
636,3212,2023-05-21,890.75,Books,Cash,Pending
637,6541,2023-05-24,456.60,Food,Debit Card,Completed
638,1238,2023-05-28,1567.25,Electronics,Credit Card,Completed
639,5433,2023-05-31,234.99,Clothing,PayPal,Completed
640,8766,2023-06-03,3450.80,Home,Debit Card,Cancelled
641,2100,2023-06-07,567.50,Sports,Credit Card,Completed
642,7655,2023-06-10,89.99,Books,Cash,Completed
643,4329,2023-06-14,1890.75,Food,Debit Card,Pending
644,9874,2023-06-17,345.60,Electronics,Credit Card,Completed
645,3219,2023-06-21,2100.25,Clothing,PayPal,Completed
646,6548,2023-06-24,123.45,Home,Debit Card,Completed
647,1232,2023-06-28,890.00,Sports,Credit Card,Cancelled
648,5430,2023-07-01,456.75,Books,Cash,Completed
649,8763,2023-07-04,1234.50,Food,Debit Card,Completed
650,2107,2023-07-08,234.99,Electronics,Credit Card,Pending