[
  {
    "epoch":1,
    "loss":2.8543,
    "accuracy":0.1234,
    "learning_rate":0.001
  },
  {
    "epoch":2,
    "loss":3.0124,
    "accuracy":0.1156,
    "learning_rate":0.001
  },
  {
    "epoch":3,
    "loss":2.6789,
    "accuracy":0.1445,
    "learning_rate":0.001
  },
  {
    "epoch":4,
    "loss":2.9321,
    "accuracy":0.1289,
    "learning_rate":0.001
  },
  {
    "epoch":5,
    "loss":2.7456,
    "accuracy":0.1534,
    "learning_rate":0.001
  },
  {
    "epoch":6,
    "loss":2.8901,
    "accuracy":0.1423,
    "learning_rate":0.001
  },
  {
    "epoch":7,
    "loss":2.5234,
    "accuracy":0.1678,
    "learning_rate":0.001
  },
  {
    "epoch":8,
    "loss":2.7845,
    "accuracy":0.1512,
    "learning_rate":0.001
  },
  {
    "epoch":9,
    "loss":2.6123,
    "accuracy":0.1789,
    "learning_rate":0.001
  },
  {
    "epoch":10,
    "loss":2.7234,
    "accuracy":0.1656,
    "learning_rate":0.001
  },
  {
    "epoch":11,
    "loss":2.4567,
    "accuracy":0.2134,
    "learning_rate":0.001
  },
  {
    "epoch":12,
    "loss":2.3421,
    "accuracy":0.2345,
    "learning_rate":0.001
  },
  {
    "epoch":13,
    "loss":2.2789,
    "accuracy":0.2567,
    "learning_rate":0.001
  },
  {
    "epoch":14,
    "loss":2.1956,
    "accuracy":0.2789,
    "learning_rate":0.001
  },
  {
    "epoch":15,
    "loss":2.1234,
    "accuracy":0.2934,
    "learning_rate":0.001
  },
  {
    "epoch":16,
    "loss":2.0567,
    "accuracy":0.3123,
    "learning_rate":0.001
  },
  {
    "epoch":17,
    "loss":1.9876,
    "accuracy":0.3345,
    "learning_rate":0.001
  },
  {
    "epoch":18,
    "loss":1.9234,
    "accuracy":0.3521,
    "learning_rate":0.001
  },
  {
    "epoch":19,
    "loss":1.8645,
    "accuracy":0.3712,
    "learning_rate":0.001
  },
  {
    "epoch":20,
    "loss":1.8123,
    "accuracy":0.3889,
    "learning_rate":0.001
  },
  {
    "epoch":21,
    "loss":1.7567,
    "accuracy":0.4067,
    "learning_rate":0.001
  },
  {
    "epoch":22,
    "loss":1.7089,
    "accuracy":0.4234,
    "learning_rate":0.001
  },
  {
    "epoch":23,
    "loss":1.6634,
    "accuracy":0.4398,
    "learning_rate":0.001
  },
  {
    "epoch":24,
    "loss":1.6201,
    "accuracy":0.4567,
    "learning_rate":0.001
  },
  {
    "epoch":25,
    "loss":1.5789,
    "accuracy":0.4723,
    "learning_rate":0.001
  },
  {
    "epoch":26,
    "loss":1.5398,
    "accuracy":0.4889,
    "learning_rate":0.001
  },
  {
    "epoch":27,
    "loss":1.5023,
    "accuracy":0.5034,
    "learning_rate":0.001
  },
  {
    "epoch":28,
    "loss":1.4667,
    "accuracy":0.5189,
    "learning_rate":0.001
  },
  {
    "epoch":29,
    "loss":1.4329,
    "accuracy":0.5334,
    "learning_rate":0.001
  },
  {
    "epoch":30,
    "loss":1.4012,
    "accuracy":0.5478,
    "learning_rate":0.001
  },
  {
    "epoch":31,
    "loss":1.3712,
    "accuracy":0.5612,
    "learning_rate":0.001
  },
  {
    "epoch":32,
    "loss":1.3428,
    "accuracy":0.5745,
    "learning_rate":0.001
  },
  {
    "epoch":33,
    "loss":1.3159,
    "accuracy":0.5876,
    "learning_rate":0.001
  },
  {
    "epoch":34,
    "loss":1.2904,
    "accuracy":0.6001,
    "learning_rate":0.001
  },
  {
    "epoch":35,
    "loss":1.2662,
    "accuracy":0.6123,
    "learning_rate":0.001
  },
  {
    "epoch":36,
    "loss":1.2433,
    "accuracy":0.6241,
    "learning_rate":0.001
  },
  {
    "epoch":37,
    "loss":1.2216,
    "accuracy":0.6356,
    "learning_rate":0.001
  },
  {
    "epoch":38,
    "loss":1.201,
    "accuracy":0.6467,
    "learning_rate":0.001
  },
  {
    "epoch":39,
    "loss":1.1814,
    "accuracy":0.6574,
    "learning_rate":0.001
  },
  {
    "epoch":40,
    "loss":1.1628,
    "accuracy":0.6678,
    "learning_rate":0.001
  },
  {
    "epoch":41,
    "loss":1.1451,
    "accuracy":0.6779,
    "learning_rate":0.001
  },
  {
    "epoch":42,
    "loss":1.1283,
    "accuracy":0.6877,
    "learning_rate":0.001
  },
  {
    "epoch":43,
    "loss":1.1123,
    "accuracy":0.6972,
    "learning_rate":0.001
  },
  {
    "epoch":44,
    "loss":1.097,
    "accuracy":0.7064,
    "learning_rate":0.001
  },
  {
    "epoch":45,
    "loss":1.0825,
    "accuracy":0.7152,
    "learning_rate":0.001
  },
  {
    "epoch":46,
    "loss":1.0686,
    "accuracy":0.7237,
    "learning_rate":0.001
  },
  {
    "epoch":47,
    "loss":1.0554,
    "accuracy":0.7319,
    "learning_rate":0.001
  },
  {
    "epoch":48,
    "loss":1.0427,
    "accuracy":0.7398,
    "learning_rate":0.001
  },
  {
    "epoch":49,
    "loss":1.0306,
    "accuracy":0.7474,
    "learning_rate":0.001
  },
  {
    "epoch":50,
    "loss":1.019,
    "accuracy":0.7547,
    "learning_rate":0.001
  },
  {
    "epoch":51,
    "loss":1.0079,
    "accuracy":0.7617,
    "learning_rate":0.001
  },
  {
    "epoch":52,
    "loss":0.9972,
    "accuracy":0.7684,
    "learning_rate":0.001
  },
  {
    "epoch":53,
    "loss":0.987,
    "accuracy":0.7748,
    "learning_rate":0.001
  },
  {
    "epoch":54,
    "loss":0.9771,
    "accuracy":0.7809,
    "learning_rate":0.001
  },
  {
    "epoch":55,
    "loss":0.9677,
    "accuracy":0.7867,
    "learning_rate":0.001
  },
  {
    "epoch":56,
    "loss":0.9586,
    "accuracy":0.7922,
    "learning_rate":0.001
  },
  {
    "epoch":57,
    "loss":0.9499,
    "accuracy":0.7974,
    "learning_rate":0.001
  },
  {
    "epoch":58,
    "loss":0.9415,
    "accuracy":0.8023,
    "learning_rate":0.001
  },
  {
    "epoch":59,
    "loss":0.9334,
    "accuracy":0.8069,
    "learning_rate":0.001
  },
  {
    "epoch":60,
    "loss":0.9257,
    "accuracy":0.8112,
    "learning_rate":0.001
  },
  {
    "epoch":61,
    "loss":0.9182,
    "accuracy":0.8152,
    "learning_rate":0.001
  },
  {
    "epoch":62,
    "loss":0.9165,
    "accuracy":0.8159,
    "learning_rate":0.001
  },
  {
    "epoch":63,
    "loss":0.9151,
    "accuracy":0.8164,
    "learning_rate":0.001
  },
  {
    "epoch":64,
    "loss":0.9139,
    "accuracy":0.8168,
    "learning_rate":0.001
  },
  {
    "epoch":65,
    "loss":0.9128,
    "accuracy":0.8171,
    "learning_rate":0.001
  },
  {
    "epoch":66,
    "loss":0.9118,
    "accuracy":0.8174,
    "learning_rate":0.001
  },
  {
    "epoch":67,
    "loss":0.9109,
    "accuracy":0.8176,
    "learning_rate":0.001
  },
  {
    "epoch":68,
    "loss":0.9101,
    "accuracy":0.8178,
    "learning_rate":0.001
  },
  {
    "epoch":69,
    "loss":0.9094,
    "accuracy":0.818,
    "learning_rate":0.001
  },
  {
    "epoch":70,
    "loss":0.9088,
    "accuracy":0.8181,
    "learning_rate":0.001
  },
  {
    "epoch":71,
    "loss":0.9082,
    "accuracy":0.8182,
    "learning_rate":0.001
  },
  {
    "epoch":72,
    "loss":0.9077,
    "accuracy":0.8183,
    "learning_rate":0.001
  },
  {
    "epoch":73,
    "loss":0.9072,
    "accuracy":0.8184,
    "learning_rate":0.001
  },
  {
    "epoch":74,
    "loss":0.9068,
    "accuracy":0.8184,
    "learning_rate":0.001
  },
  {
    "epoch":75,
    "loss":0.9064,
    "accuracy":0.8185,
    "learning_rate":0.001
  },
  {
    "epoch":76,
    "loss":0.9061,
    "accuracy":0.8185,
    "learning_rate":0.001
  },
  {
    "epoch":77,
    "loss":0.9058,
    "accuracy":0.8186,
    "learning_rate":0.001
  },
  {
    "epoch":78,
    "loss":0.9055,
    "accuracy":0.8186,
    "learning_rate":0.001
  },
  {
    "epoch":79,
    "loss":0.9053,
    "accuracy":0.8186,
    "learning_rate":0.001
  },
  {
    "epoch":80,
    "loss":0.9051,
    "accuracy":0.8187,
    "learning_rate":0.001
  },
  {
    "epoch":81,
    "loss":0.9049,
    "accuracy":0.8187,
    "learning_rate":0.001
  },
  {
    "epoch":82,
    "loss":0.9047,
    "accuracy":0.8187,
    "learning_rate":0.001
  },
  {
    "epoch":83,
    "loss":0.9046,
    "accuracy":0.8187,
    "learning_rate":0.001
  },
  {
    "epoch":84,
    "loss":0.9045,
    "accuracy":0.8188,
    "learning_rate":0.001
  },
  {
    "epoch":85,
    "loss":0.9044,
    "accuracy":0.8188,
    "learning_rate":0.001
  },
  {
    "epoch":86,
    "loss":0.9043,
    "accuracy":0.8188,
    "learning_rate":0.001
  },
  {
    "epoch":87,
    "loss":0.9042,
    "accuracy":0.8188,
    "learning_rate":0.001
  },
  {
    "epoch":88,
    "loss":0.9041,
    "accuracy":0.8188,
    "learning_rate":0.001
  },
  {
    "epoch":89,
    "loss":0.9041,
    "accuracy":0.8188,
    "learning_rate":0.001
  },
  {
    "epoch":90,
    "loss":0.904,
    "accuracy":0.8188,
    "learning_rate":0.001
  },
  {
    "epoch":91,
    "loss":0.904,
    "accuracy":0.8188,
    "learning_rate":0.001
  },
  {
    "epoch":92,
    "loss":0.9039,
    "accuracy":0.8189,
    "learning_rate":0.001
  },
  {
    "epoch":93,
    "loss":0.9039,
    "accuracy":0.8189,
    "learning_rate":0.001
  },
  {
    "epoch":94,
    "loss":0.9039,
    "accuracy":0.8189,
    "learning_rate":0.001
  },
  {
    "epoch":95,
    "loss":0.9038,
    "accuracy":0.8189,
    "learning_rate":0.001
  },
  {
    "epoch":96,
    "loss":0.9038,
    "accuracy":0.8189,
    "learning_rate":0.001
  },
  {
    "epoch":97,
    "loss":0.9038,
    "accuracy":0.8189,
    "learning_rate":0.001
  },
  {
    "epoch":98,
    "loss":0.9038,
    "accuracy":0.8189,
    "learning_rate":0.001
  },
  {
    "epoch":99,
    "loss":0.9037,
    "accuracy":0.8189,
    "learning_rate":0.001
  },
  {
    "epoch":100,
    "loss":0.9037,
    "accuracy":0.8189,
    "learning_rate":0.001
  }
]