[
  {
    "config_id":1,
    "name":"Config_1",
    "impedance":5000.0,
    "solver_iterations":50,
    "contact_margin":0.001
  },
  {
    "config_id":2,
    "name":"Config_2",
    "impedance":2000.0,
    "solver_iterations":30,
    "contact_margin":0.005
  },
  {
    "config_id":3,
    "name":"Config_3",
    "impedance":8000.0,
    "solver_iterations":70,
    "contact_margin":0.0002
  },
  {
    "config_id":4,
    "name":"Config_4",
    "impedance":3500.0,
    "solver_iterations":40,
    "contact_margin":0.008
  },
  {
    "config_id":5,
    "name":"Config_5",
    "impedance":10000.0,
    "solver_iterations":100,
    "contact_margin":0.0001
  },
  {
    "config_id":6,
    "name":"Config_6",
    "impedance":1000.0,
    "solver_iterations":10,
    "contact_margin":0.01
  },
  {
    "config_id":7,
    "name":"Config_7",
    "impedance":6500.0,
    "solver_iterations":60,
    "contact_margin":0.003
  },
  {
    "config_id":8,
    "name":"Config_8",
    "impedance":4000.0,
    "solver_iterations":80,
    "contact_margin":0.0005
  },
  {
    "config_id":9,
    "name":"Config_9",
    "impedance":7500.0,
    "solver_iterations":20,
    "contact_margin":0.007
  },
  {
    "config_id":10,
    "name":"Config_10",
    "impedance":2500.0,
    "solver_iterations":90,
    "contact_margin":0.002
  }
]