[
  {
    "config_id":1,
    "timestamp":"2024-01-15T10:23:45Z",
    "impedance":5000.0,
    "solver_iterations":50,
    "contact_margin":0.002,
    "max_penetration_depth":0.0008,
    "peak_contact_force":145.3,
    "solver_converged":true,
    "contact_jitter_present":false,
    "observed_symptoms":null
  },
  {
    "config_id":2,
    "timestamp":"2024-01-15T10:45:12Z",
    "impedance":2000.0,
    "solver_iterations":40,
    "contact_margin":0.003,
    "max_penetration_depth":0.015,
    "peak_contact_force":380.5,
    "solver_converged":true,
    "contact_jitter_present":true,
    "observed_symptoms":"excessive_penetration,contact_jitter"
  },
  {
    "config_id":3,
    "timestamp":"2024-01-15T11:12:33Z",
    "impedance":8000.0,
    "solver_iterations":60,
    "contact_margin":0.001,
    "max_penetration_depth":0.0005,
    "peak_contact_force":98.7,
    "solver_converged":true,
    "contact_jitter_present":false,
    "observed_symptoms":null
  },
  {
    "config_id":4,
    "timestamp":"2024-01-15T11:38:21Z",
    "impedance":1500.0,
    "solver_iterations":30,
    "contact_margin":0.005,
    "max_penetration_depth":0.032,
    "peak_contact_force":625.8,
    "solver_converged":false,
    "contact_jitter_present":true,
    "observed_symptoms":"excessive_penetration,force_spikes,solver_non_convergence,contact_jitter"
  },
  {
    "config_id":5,
    "timestamp":"2024-01-15T12:05:47Z",
    "impedance":6000.0,
    "solver_iterations":55,
    "contact_margin":0.0015,
    "max_penetration_depth":0.0006,
    "peak_contact_force":112.4,
    "solver_converged":true,
    "contact_jitter_present":false,
    "observed_symptoms":null
  },
  {
    "config_id":6,
    "timestamp":"2024-01-15T12:32:19Z",
    "impedance":9500.0,
    "solver_iterations":70,
    "contact_margin":0.0008,
    "max_penetration_depth":0.0004,
    "peak_contact_force":85.2,
    "solver_converged":true,
    "contact_jitter_present":false,
    "observed_symptoms":null
  },
  {
    "config_id":7,
    "timestamp":"2024-01-15T13:01:28Z",
    "impedance":1200.0,
    "solver_iterations":25,
    "contact_margin":0.008,
    "max_penetration_depth":0.045,
    "peak_contact_force":892.3,
    "solver_converged":false,
    "contact_jitter_present":true,
    "observed_symptoms":"excessive_penetration,force_spikes,solver_non_convergence,contact_jitter"
  },
  {
    "config_id":8,
    "timestamp":"2024-01-15T13:28:54Z",
    "impedance":7000.0,
    "solver_iterations":65,
    "contact_margin":0.0012,
    "max_penetration_depth":0.0005,
    "peak_contact_force":105.6,
    "solver_converged":true,
    "contact_jitter_present":false,
    "observed_symptoms":null
  },
  {
    "config_id":9,
    "timestamp":"2024-01-15T13:55:03Z",
    "impedance":3000.0,
    "solver_iterations":45,
    "contact_margin":0.004,
    "max_penetration_depth":0.012,
    "peak_contact_force":425.7,
    "solver_converged":true,
    "contact_jitter_present":true,
    "observed_symptoms":"excessive_penetration,contact_jitter"
  },
  {
    "config_id":10,
    "timestamp":"2024-01-15T14:22:37Z",
    "impedance":4500.0,
    "solver_iterations":50,
    "contact_margin":0.0025,
    "max_penetration_depth":0.0009,
    "peak_contact_force":152.8,
    "solver_converged":true,
    "contact_jitter_present":false,
    "observed_symptoms":null
  }
]