[
  {
    "name":"myapp:v1.2.3",
    "size_mb":450,
    "created_date":"2024-01-15",
    "last_downloaded":"2024-12-10",
    "download_count":3500
  },
  {
    "name":"myapp:v1.2.2",
    "size_mb":445,
    "created_date":"2023-12-20",
    "last_downloaded":"2024-11-25",
    "download_count":2800
  },
  {
    "name":"myapp:v1.2.1",
    "size_mb":440,
    "created_date":"2023-11-10",
    "last_downloaded":"2024-06-15",
    "download_count":1200
  },
  {
    "name":"myapp:v1.1.0",
    "size_mb":435,
    "created_date":"2023-09-05",
    "last_downloaded":"2023-08-20",
    "download_count":450
  },
  {
    "name":"myapp:v1.0.0",
    "size_mb":430,
    "created_date":"2023-07-01",
    "last_downloaded":"2023-06-10",
    "download_count":180
  },
  {
    "name":"backend-api:latest",
    "size_mb":1200,
    "created_date":"2024-02-01",
    "last_downloaded":"2024-12-12",
    "download_count":5600
  },
  {
    "name":"backend-api:v2.5.0",
    "size_mb":1180,
    "created_date":"2024-01-20",
    "last_downloaded":"2024-12-05",
    "download_count":4200
  },
  {
    "name":"backend-api:v2.4.0",
    "size_mb":1150,
    "created_date":"2023-12-01",
    "last_downloaded":"2024-10-30",
    "download_count":3100
  },
  {
    "name":"backend-api:v2.3.0",
    "size_mb":1120,
    "created_date":"2023-10-15",
    "last_downloaded":"2024-05-20",
    "download_count":890
  },
  {
    "name":"backend-api:v2.2.0",
    "size_mb":1100,
    "created_date":"2023-08-10",
    "last_downloaded":"2023-07-15",
    "download_count":320
  },
  {
    "name":"frontend-web:latest",
    "size_mb":850,
    "created_date":"2024-02-10",
    "last_downloaded":"2024-12-11",
    "download_count":4800
  },
  {
    "name":"frontend-web:v3.1.0",
    "size_mb":840,
    "created_date":"2024-01-25",
    "last_downloaded":"2024-11-28",
    "download_count":3900
  },
  {
    "name":"frontend-web:v3.0.0",
    "size_mb":830,
    "created_date":"2023-12-15",
    "last_downloaded":"2024-09-10",
    "download_count":2100
  },
  {
    "name":"frontend-web:v2.9.0",
    "size_mb":820,
    "created_date":"2023-10-20",
    "last_downloaded":"2024-03-15",
    "download_count":670
  },
  {
    "name":"frontend-web:v2.8.0",
    "size_mb":810,
    "created_date":"2023-08-05",
    "last_downloaded":"2023-06-20",
    "download_count":240
  },
  {
    "name":"database-postgres:14.5",
    "size_mb":2200,
    "created_date":"2024-01-10",
    "last_downloaded":"2024-12-09",
    "download_count":6200
  },
  {
    "name":"database-postgres:14.4",
    "size_mb":2180,
    "created_date":"2023-11-15",
    "last_downloaded":"2024-10-15",
    "download_count":4500
  },
  {
    "name":"database-postgres:14.3",
    "size_mb":2150,
    "created_date":"2023-09-20",
    "last_downloaded":"2024-02-28",
    "download_count":1100
  },
  {
    "name":"database-postgres:13.9",
    "size_mb":2100,
    "created_date":"2023-07-15",
    "last_downloaded":"2023-05-10",
    "download_count":380
  },
  {
    "name":"database-postgres:13.8",
    "size_mb":2080,
    "created_date":"2023-05-01",
    "last_downloaded":"2023-03-15",
    "download_count":150
  },
  {
    "name":"nginx-proxy:alpine",
    "size_mb":180,
    "created_date":"2024-02-05",
    "last_downloaded":"2024-12-13",
    "download_count":7200
  },
  {
    "name":"nginx-proxy:1.25.3",
    "size_mb":185,
    "created_date":"2024-01-18",
    "last_downloaded":"2024-11-30",
    "download_count":5800
  },
  {
    "name":"nginx-proxy:1.25.2",
    "size_mb":180,
    "created_date":"2023-12-10",
    "last_downloaded":"2024-08-20",
    "download_count":3200
  },
  {
    "name":"nginx-proxy:1.25.1",
    "size_mb":178,
    "created_date":"2023-10-25",
    "last_downloaded":"2024-01-30",
    "download_count":920
  },
  {
    "name":"nginx-proxy:1.24.0",
    "size_mb":175,
    "created_date":"2023-08-15",
    "last_downloaded":"2023-06-05",
    "download_count":310
  },
  {
    "name":"redis-cache:7.2",
    "size_mb":320,
    "created_date":"2024-01-28",
    "last_downloaded":"2024-12-08",
    "download_count":5100
  },
  {
    "name":"redis-cache:7.1",
    "size_mb":315,
    "created_date":"2023-12-20",
    "last_downloaded":"2024-10-22",
    "download_count":3800
  },
  {
    "name":"redis-cache:7.0",
    "size_mb":310,
    "created_date":"2023-11-05",
    "last_downloaded":"2024-07-15",
    "download_count":2400
  },
  {
    "name":"redis-cache:6.2",
    "size_mb":305,
    "created_date":"2023-09-10",
    "last_downloaded":"2023-12-20",
    "download_count":780
  },
  {
    "name":"redis-cache:6.0",
    "size_mb":300,
    "created_date":"2023-06-20",
    "last_downloaded":"2023-04-10",
    "download_count":290
  },
  {
    "name":"monitoring-prometheus:latest",
    "size_mb":680,
    "created_date":"2024-02-08",
    "last_downloaded":"2024-12-12",
    "download_count":4300
  },
  {
    "name":"monitoring-prometheus:v2.48.0",
    "size_mb":675,
    "created_date":"2024-01-22",
    "last_downloaded":"2024-11-18",
    "download_count":3400
  },
  {
    "name":"monitoring-prometheus:v2.47.0",
    "size_mb":670,
    "created_date":"2023-12-05",
    "last_downloaded":"2024-06-25",
    "download_count":1800
  },
  {
    "name":"monitoring-prometheus:v2.46.0",
    "size_mb":665,
    "created_date":"2023-10-10",
    "last_downloaded":"2023-11-15",
    "download_count":650
  },
  {
    "name":"monitoring-prometheus:v2.45.0",
    "size_mb":660,
    "created_date":"2023-07-25",
    "last_downloaded":"2023-05-20",
    "download_count":220
  },
  {
    "name":"grafana-dashboard:latest",
    "size_mb":540,
    "created_date":"2024-02-12",
    "last_downloaded":"2024-12-11",
    "download_count":3900
  },
  {
    "name":"grafana-dashboard:10.2.0",
    "size_mb":535,
    "created_date":"2024-01-15",
    "last_downloaded":"2024-11-20",
    "download_count":3100
  },
  {
    "name":"grafana-dashboard:10.1.0",
    "size_mb":530,
    "created_date":"2023-12-08",
    "last_downloaded":"2024-08-05",
    "download_count":2200
  },
  {
    "name":"grafana-dashboard:10.0.0",
    "size_mb":525,
    "created_date":"2023-10-18",
    "last_downloaded":"2024-02-10",
    "download_count":710
  },
  {
    "name":"grafana-dashboard:9.5.0",
    "size_mb":520,
    "created_date":"2023-08-01",
    "last_downloaded":"2023-06-12",
    "download_count":260
  },
  {
    "name":"auth-service:v1.8.0",
    "size_mb":720,
    "created_date":"2024-02-03",
    "last_downloaded":"2024-12-10",
    "download_count":4600
  },
  {
    "name":"auth-service:v1.7.0",
    "size_mb":710,
    "created_date":"2024-01-12",
    "last_downloaded":"2024-11-15",
    "download_count":3700
  },
  {
    "name":"auth-service:v1.6.0",
    "size_mb":700,
    "created_date":"2023-12-01",
    "last_downloaded":"2024-07-20",
    "download_count":1900
  },
  {
    "name":"auth-service:v1.5.0",
    "size_mb":690,
    "created_date":"2023-10-05",
    "last_downloaded":"2024-01-18",
    "download_count":820
  },
  {
    "name":"auth-service:v1.4.0",
    "size_mb":680,
    "created_date":"2023-07-20",
    "last_downloaded":"2023-05-25",
    "download_count":310
  },
  {
    "name":"message-queue:rabbitmq-3.12",
    "size_mb":890,
    "created_date":"2024-01-30",
    "last_downloaded":"2024-12-09",
    "download_count":5400
  },
  {
    "name":"message-queue:rabbitmq-3.11",
    "size_mb":880,
    "created_date":"2023-12-15",
    "last_downloaded":"2024-10-08",
    "download_count":4100
  },
  {
    "name":"message-queue:rabbitmq-3.10",
    "size_mb":870,
    "created_date":"2023-10-28",
    "last_downloaded":"2024-05-12",
    "download_count":1600
  },
  {
    "name":"message-queue:rabbitmq-3.9",
    "size_mb":860,
    "created_date":"2023-08-20",
    "last_downloaded":"2023-09-05",
    "download_count":560
  },
  {
    "name":"message-queue:rabbitmq-3.8",
    "size_mb":850,
    "created_date":"2023-06-10",
    "last_downloaded":"2023-04-15",
    "download_count":190
  },
  {
    "name":"search-elasticsearch:8.11",
    "size_mb":1850,
    "created_date":"2024-02-06",
    "last_downloaded":"2024-12-12",
    "download_count":5800
  },
  {
    "name":"search-elasticsearch:8.10",
    "size_mb":1830,
    "created_date":"2024-01-08",
    "last_downloaded":"2024-11-05",
    "download_count":4500
  },
  {
    "name":"search-elasticsearch:8.9",
    "size_mb":1810,
    "created_date":"2023-11-22",
    "last_downloaded":"2024-06-18",
    "download_count":2100
  },
  {
    "name":"search-elasticsearch:8.8",
    "size_mb":1790,
    "created_date":"2023-09-15",
    "last_downloaded":"2023-10-22",
    "download_count":740
  },
  {
    "name":"search-elasticsearch:8.7",
    "size_mb":1770,
    "created_date":"2023-07-05",
    "last_downloaded":"2023-04-28",
    "download_count":280
  },
  {
    "name":"ml-model-api:v2.3.0",
    "size_mb":2500,
    "created_date":"2024-01-25",
    "last_downloaded":"2024-12-08",
    "download_count":2900
  },
  {
    "name":"ml-model-api:v2.2.0",
    "size_mb":2480,
    "created_date":"2023-12-10",
    "last_downloaded":"2024-09-15",
    "download_count":2100
  },
  {
    "name":"ml-model-api:v2.1.0",
    "size_mb":2450,
    "created_date":"2023-10-20",
    "last_downloaded":"2024-03-20",
    "download_count":890
  },
  {
    "name":"ml-model-api:v2.0.0",
    "size_mb":2400,
    "created_date":"2023-08-08",
    "last_downloaded":"2023-06-30",
    "download_count":340
  },
  {
    "name":"ml-model-api:v1.9.0",
    "size_mb":2350,
    "created_date":"2023-05-15",
    "last_downloaded":"2023-03-05",
    "download_count":120
  },
  {
    "name":"payment-gateway:v3.5.0",
    "size_mb":950,
    "created_date":"2024-02-01",
    "last_downloaded":"2024-12-11",
    "download_count":6100
  },
  {
    "name":"payment-gateway:v3.4.0",
    "size_mb":940,
    "created_date":"2024-01-10",
    "last_downloaded":"2024-11-22",
    "download_count":4900
  },
  {
    "name":"payment-gateway:v3.3.0",
    "size_mb":930,
    "created_date":"2023-12-05",
    "last_downloaded":"2024-08-28",
    "download_count":2800
  },
  {
    "name":"payment-gateway:v3.2.0",
    "size_mb":920,
    "created_date":"2023-10-12",
    "last_downloaded":"2024-02-05",
    "download_count":960
  },
  {
    "name":"payment-gateway:v3.1.0",
    "size_mb":910,
    "created_date":"2023-07-28",
    "last_downloaded":"2023-05-18",
    "download_count":350
  },
  {
    "name":"notification-service:v1.4.0",
    "size_mb":380,
    "created_date":"2024-01-20",
    "last_downloaded":"2024-12-10",
    "download_count":3800
  },
  {
    "name":"notification-service:v1.3.0",
    "size_mb":375,
    "created_date":"2023-12-12",
    "last_downloaded":"2024-10-18",
    "download_count":2900
  },
  {
    "name":"notification-service:v1.2.0",
    "size_mb":370,
    "created_date":"2023-11-08",
    "last_downloaded":"2024-05-25",
    "download_count":1400
  },
  {
    "name":"notification-service:v1.1.0",
    "size_mb":365,
    "created_date":"2023-09-18",
    "last_downloaded":"2023-11-28",
    "download_count":580
  },
  {
    "name":"notification-service:v1.0.0",
    "size_mb":360,
    "created_date":"2023-07-10",
    "last_downloaded":"2023-04-22",
    "download_count":210
  },
  {
    "name":"analytics-processor:v2.7.0",
    "size_mb":1420,
    "created_date":"2024-02-04",
    "last_downloaded":"2024-12-09",
    "download_count":4200
  },
  {
    "name":"analytics-processor:v2.6.0",
    "size_mb":1400,
    "created_date":"2024-01-14",
    "last_downloaded":"2024-11-12",
    "download_count":3300
  },
  {
    "name":"analytics-processor:v2.5.0",
    "size_mb":1380,
    "created_date":"2023-12-08",
    "last_downloaded":"2024-07-08",
    "download_count":1700
  },
  {
    "name":"analytics-processor:v2.4.0",
    "size_mb":1360,
    "created_date":"2023-10-15",
    "last_downloaded":"2024-01-12",
    "download_count":720
  },
  {
    "name":"analytics-processor:v2.3.0",
    "size_mb":1340,
    "created_date":"2023-08-05",
    "last_downloaded":"2023-05-08",
    "download_count":270
  },
  {
    "name":"backup-agent:v1.2.0",
    "size_mb":280,
    "created_date":"2024-01-18",
    "last_downloaded":"2024-12-12",
    "download_count":2100
  },
  {
    "name":"backup-agent:v1.1.0",
    "size_mb":275,
    "created_date":"2023-11-25",
    "last_downloaded":"2024-09-20",
    "download_count":1500
  },
  {
    "name":"backup-agent:v1.0.0",
    "size_mb":270,
    "created_date":"2023-09-05",
    "last_downloaded":"2023-12-15",
    "download_count":640
  },
  {
    "name":"backup-agent:v0.9.0",
    "size_mb":265,
    "created_date":"2023-06-18",
    "last_downloaded":"2023-03-20",
    "download_count":180
  },
  {
    "name":"logging-fluentd:v1.16",
    "size_mb":420,
    "created_date":"2024-02-02",
    "last_downloaded":"2024-12-11",
    "download_count":5600
  },
  {
    "name":"logging-fluentd:v1.15",
    "size_mb":415,
    "created_date":"2023-12-18",
    "last_downloaded":"2024-10-25",
    "download_count":3900
  },
  {
    "name":"logging-fluentd:v1.14",
    "size_mb":410,
    "created_date":"2023-10-22",
    "last_downloaded":"2024-04-15",
    "download_count":1300
  },
  {
    "name":"logging-fluentd:v1.13",
    "size_mb":405,
    "created_date":"2023-08-12",
    "last_downloaded":"2023-07-05",
    "download_count":450
  },
  {
    "name":"logging-fluentd:v1.12",
    "size_mb":400,
    "created_date":"2023-05-20",
    "last_downloaded":"2023-02-28",
    "download_count":160
  },
  {
    "name":"test-runner:selenium",
    "size_mb":1100,
    "created_date":"2023-11-10",
    "last_downloaded":"2024-03-08",
    "download_count":520
  },
  {
    "name":"test-runner:cypress",
    "size_mb":890,
    "created_date":"2023-09-25",
    "last_downloaded":"2023-10-30",
    "download_count":380
  },
  {
    "name":"legacy-monolith:v5.2.0",
    "size_mb":2300,
    "created_date":"2023-06-15",
    "last_downloaded":"2023-04-05",
    "download_count":95
  },
  {
    "name":"legacy-app:v4.8.0",
    "size_mb":1950,
    "created_date":"2023-05-05",
    "last_downloaded":"2023-02-15",
    "download_count":42
  }
]