[
  {
    "name":"com.example:user-service:1.0.0",
    "size_mb":45.2,
    "created_date":"2022-03-15",
    "last_downloaded":"2024-11-20",
    "download_count":1250
  },
  {
    "name":"com.example:user-service:1.1.0",
    "size_mb":47.8,
    "created_date":"2022-05-20",
    "last_downloaded":"2024-12-01",
    "download_count":2340
  },
  {
    "name":"com.example:user-service:1.2.0",
    "size_mb":48.5,
    "created_date":"2022-08-10",
    "last_downloaded":"2024-12-15",
    "download_count":3200
  },
  {
    "name":"com.example:auth-service:2.0.0",
    "size_mb":89.3,
    "created_date":"2022-01-10",
    "last_downloaded":"2023-06-15",
    "download_count":450
  },
  {
    "name":"com.example:auth-service:2.1.0",
    "size_mb":92.1,
    "created_date":"2022-06-25",
    "last_downloaded":"2024-11-28",
    "download_count":1890
  },
  {
    "name":"com.example:payment-gateway:3.0.0",
    "size_mb":156.7,
    "created_date":"2022-02-18",
    "last_downloaded":"2023-08-20",
    "download_count":220
  },
  {
    "name":"com.example:payment-gateway:3.1.0",
    "size_mb":158.4,
    "created_date":"2022-09-05",
    "last_downloaded":"2024-10-15",
    "download_count":980
  },
  {
    "name":"com.example:payment-gateway:3.2.0",
    "size_mb":162.3,
    "created_date":"2023-01-12",
    "last_downloaded":"2024-12-10",
    "download_count":2100
  },
  {
    "name":"com.example:notification-service:1.5.0",
    "size_mb":34.6,
    "created_date":"2022-04-22",
    "last_downloaded":"2023-05-10",
    "download_count":180
  },
  {
    "name":"com.example:notification-service:1.6.0",
    "size_mb":36.2,
    "created_date":"2022-11-08",
    "last_downloaded":"2024-09-20",
    "download_count":750
  },
  {
    "name":"com.example:notification-service:1.7.0",
    "size_mb":37.8,
    "created_date":"2023-03-15",
    "last_downloaded":"2024-12-18",
    "download_count":1650
  },
  {
    "name":"com.example:inventory-management:4.0.0",
    "size_mb":234.5,
    "created_date":"2022-01-05",
    "last_downloaded":"2023-04-12",
    "download_count":95
  },
  {
    "name":"com.example:inventory-management:4.1.0",
    "size_mb":238.9,
    "created_date":"2022-07-19",
    "last_downloaded":"2024-08-25",
    "download_count":620
  },
  {
    "name":"com.example:inventory-management:4.2.0",
    "size_mb":245.3,
    "created_date":"2023-02-28",
    "last_downloaded":"2024-12-05",
    "download_count":1420
  },
  {
    "name":"com.example:order-processing:2.3.0",
    "size_mb":128.4,
    "created_date":"2022-03-08",
    "last_downloaded":"2023-07-18",
    "download_count":310
  },
  {
    "name":"com.example:order-processing:2.4.0",
    "size_mb":131.7,
    "created_date":"2022-10-14",
    "last_downloaded":"2024-11-10",
    "download_count":1050
  },
  {
    "name":"com.example:order-processing:2.5.0",
    "size_mb":135.2,
    "created_date":"2023-05-20",
    "last_downloaded":"2024-12-20",
    "download_count":1980
  },
  {
    "name":"com.example:analytics-engine:5.0.0",
    "size_mb":289.6,
    "created_date":"2022-02-01",
    "last_downloaded":"2023-03-22",
    "download_count":125
  },
  {
    "name":"com.example:analytics-engine:5.1.0",
    "size_mb":295.4,
    "created_date":"2022-08-30",
    "last_downloaded":"2024-07-15",
    "download_count":580
  },
  {
    "name":"com.example:analytics-engine:5.2.0",
    "size_mb":301.8,
    "created_date":"2023-04-10",
    "last_downloaded":"2024-12-08",
    "download_count":1340
  },
  {
    "name":"com.example:reporting-service:1.8.0",
    "size_mb":67.3,
    "created_date":"2022-04-15",
    "last_downloaded":"2023-09-05",
    "download_count":240
  },
  {
    "name":"com.example:reporting-service:1.9.0",
    "size_mb":69.8,
    "created_date":"2022-11-22",
    "last_downloaded":"2024-10-30",
    "download_count":890
  },
  {
    "name":"com.example:reporting-service:2.0.0",
    "size_mb":72.4,
    "created_date":"2023-06-08",
    "last_downloaded":"2024-12-12",
    "download_count":1560
  },
  {
    "name":"com.example:email-service:3.2.0",
    "size_mb":42.1,
    "created_date":"2022-05-10",
    "last_downloaded":"2023-06-28",
    "download_count":195
  },
  {
    "name":"com.example:email-service:3.3.0",
    "size_mb":43.7,
    "created_date":"2023-01-18",
    "last_downloaded":"2024-09-14",
    "download_count":670
  },
  {
    "name":"com.example:email-service:3.4.0",
    "size_mb":45.3,
    "created_date":"2023-07-25",
    "last_downloaded":"2024-12-16",
    "download_count":1410
  },
  {
    "name":"com.example:search-indexer:2.1.0",
    "size_mb":178.9,
    "created_date":"2022-03-20",
    "last_downloaded":"2023-05-15",
    "download_count":165
  },
  {
    "name":"com.example:search-indexer:2.2.0",
    "size_mb":184.2,
    "created_date":"2022-09-28",
    "last_downloaded":"2024-08-08",
    "download_count":540
  },
  {
    "name":"com.example:search-indexer:2.3.0",
    "size_mb":189.7,
    "created_date":"2023-03-05",
    "last_downloaded":"2024-11-25",
    "download_count":1220
  },
  {
    "name":"com.example:cache-service:1.4.0",
    "size_mb":28.5,
    "created_date":"2022-06-12",
    "last_downloaded":"2023-08-30",
    "download_count":270
  },
  {
    "name":"com.example:cache-service:1.5.0",
    "size_mb":29.8,
    "created_date":"2023-02-20",
    "last_downloaded":"2024-10-18",
    "download_count":810
  },
  {
    "name":"com.example:cache-service:1.6.0",
    "size_mb":31.2,
    "created_date":"2023-08-15",
    "last_downloaded":"2024-12-22",
    "download_count":1490
  },
  {
    "name":"com.example:api-gateway:4.5.0",
    "size_mb":198.4,
    "created_date":"2022-01-28",
    "last_downloaded":"2023-04-08",
    "download_count":140
  },
  {
    "name":"com.example:api-gateway:4.6.0",
    "size_mb":203.7,
    "created_date":"2022-08-15",
    "last_downloaded":"2024-07-22",
    "download_count":625
  },
  {
    "name":"com.example:api-gateway:4.7.0",
    "size_mb":209.3,
    "created_date":"2023-04-28",
    "last_downloaded":"2024-12-03",
    "download_count":1380
  },
  {
    "name":"com.example:file-storage:3.8.0",
    "size_mb":312.6,
    "created_date":"2022-02-25",
    "last_downloaded":"2023-06-20",
    "download_count":110
  },
  {
    "name":"com.example:file-storage:3.9.0",
    "size_mb":318.4,
    "created_date":"2022-10-05",
    "last_downloaded":"2024-09-02",
    "download_count":490
  },
  {
    "name":"com.example:file-storage:4.0.0",
    "size_mb":325.8,
    "created_date":"2023-05-12",
    "last_downloaded":"2024-12-14",
    "download_count":1150
  },
  {
    "name":"com.example:logging-service:2.6.0",
    "size_mb":56.9,
    "created_date":"2022-04-08",
    "last_downloaded":"2023-07-25",
    "download_count":205
  },
  {
    "name":"com.example:logging-service:2.7.0",
    "size_mb":58.4,
    "created_date":"2022-12-18",
    "last_downloaded":"2024-08-19",
    "download_count":720
  },
  {
    "name":"com.example:logging-service:2.8.0",
    "size_mb":60.1,
    "created_date":"2023-07-02",
    "last_downloaded":"2024-12-19",
    "download_count":1520
  },
  {
    "name":"com.example:security-scanner:1.2.0",
    "size_mb":94.7,
    "created_date":"2022-05-25",
    "last_downloaded":"2023-09-12",
    "download_count":185
  },
  {
    "name":"com.example:security-scanner:1.3.0",
    "size_mb":97.2,
    "created_date":"2023-01-30",
    "last_downloaded":"2024-10-05",
    "download_count":680
  },
  {
    "name":"com.example:security-scanner:1.4.0",
    "size_mb":99.8,
    "created_date":"2023-08-22",
    "last_downloaded":"2024-12-17",
    "download_count":1380
  },
  {
    "name":"com.example:data-pipeline:5.3.0",
    "size_mb":267.4,
    "created_date":"2022-03-02",
    "last_downloaded":"2023-05-28",
    "download_count":155
  },
  {
    "name":"com.example:data-pipeline:5.4.0",
    "size_mb":273.8,
    "created_date":"2022-11-10",
    "last_downloaded":"2024-08-12",
    "download_count":570
  },
  {
    "name":"com.example:data-pipeline:5.5.0",
    "size_mb":280.5,
    "created_date":"2023-06-18",
    "last_downloaded":"2024-12-07",
    "download_count":1290
  },
  {
    "name":"com.example:scheduler-service:2.9.0",
    "size_mb":73.2,
    "created_date":"2022-06-05",
    "last_downloaded":"2023-08-15",
    "download_count":220
  },
  {
    "name":"com.example:scheduler-service:3.0.0",
    "size_mb":75.8,
    "created_date":"2023-02-12",
    "last_downloaded":"2024-09-28",
    "download_count":790
  },
  {
    "name":"com.example:scheduler-service:3.1.0",
    "size_mb":78.5,
    "created_date":"2023-09-05",
    "last_downloaded":"2024-12-21",
    "download_count":1450
  },
  {
    "name":"com.example:backup-service:1.7.0",
    "size_mb":145.6,
    "created_date":"2022-01-15",
    "last_downloaded":"2023-03-30",
    "download_count":98
  },
  {
    "name":"com.example:backup-service:1.8.0",
    "size_mb":149.3,
    "created_date":"2022-07-28",
    "last_downloaded":"2024-06-18",
    "download_count":440
  },
  {
    "name":"com.example:backup-service:1.9.0",
    "size_mb":153.2,
    "created_date":"2023-03-18",
    "last_downloaded":"2024-11-15",
    "download_count":1020
  },
  {
    "name":"com.example:monitoring-agent:4.2.0",
    "size_mb":38.9,
    "created_date":"2022-04-30",
    "last_downloaded":"2023-07-08",
    "download_count":190
  },
  {
    "name":"com.example:monitoring-agent:4.3.0",
    "size_mb":40.5,
    "created_date":"2022-12-08",
    "last_downloaded":"2024-10-22",
    "download_count":710
  },
  {
    "name":"com.example:monitoring-agent:4.4.0",
    "size_mb":42.1,
    "created_date":"2023-08-01",
    "last_downloaded":"2024-12-23",
    "download_count":1430
  },
  {
    "name":"com.example:config-server:3.5.0",
    "size_mb":64.8,
    "created_date":"2022-02-10",
    "last_downloaded":"2023-04-25",
    "download_count":135
  },
  {
    "name":"com.example:config-server:3.6.0",
    "size_mb":66.9,
    "created_date":"2022-09-18",
    "last_downloaded":"2024-07-30",
    "download_count":520
  },
  {
    "name":"com.example:config-server:3.7.0",
    "size_mb":69.2,
    "created_date":"2023-05-05",
    "last_downloaded":"2024-12-11",
    "download_count":1180
  },
  {
    "name":"com.example:message-queue:2.4.0",
    "size_mb":186.3,
    "created_date":"2022-05-15",
    "last_downloaded":"2023-09-22",
    "download_count":175
  },
  {
    "name":"com.example:message-queue:2.5.0",
    "size_mb":191.7,
    "created_date":"2023-01-25",
    "last_downloaded":"2024-09-10",
    "download_count":640
  },
  {
    "name":"com.example:message-queue:2.6.0",
    "size_mb":197.4,
    "created_date":"2023-07-12",
    "last_downloaded":"2024-12-13",
    "download_count":1360
  },
  {
    "name":"com.example:workflow-engine:5.8.0",
    "size_mb":298.5,
    "created_date":"2022-03-12",
    "last_downloaded":"2023-06-05",
    "download_count":120
  },
  {
    "name":"com.example:workflow-engine:5.9.0",
    "size_mb":305.2,
    "created_date":"2022-10-20",
    "last_downloaded":"2024-08-20",
    "download_count":505
  },
  {
    "name":"com.example:workflow-engine:6.0.0",
    "size_mb":312.7,
    "created_date":"2023-04-15",
    "last_downloaded":"2024-12-06",
    "download_count":1210
  },
  {
    "name":"com.example:rate-limiter:1.3.0",
    "size_mb":22.4,
    "created_date":"2022-06-20",
    "last_downloaded":"2023-08-28",
    "download_count":210
  },
  {
    "name":"com.example:rate-limiter:1.4.0",
    "size_mb":23.6,
    "created_date":"2023-02-05",
    "last_downloaded":"2024-10-12",
    "download_count":765
  },
  {
    "name":"com.example:rate-limiter:1.5.0",
    "size_mb":24.8,
    "created_date":"2023-08-28",
    "last_downloaded":"2024-12-24",
    "download_count":1470
  },
  {
    "name":"com.example:feature-toggle:2.1.0",
    "size_mb":18.7,
    "created_date":"2022-04-18",
    "last_downloaded":"2023-06-10",
    "download_count":160
  },
  {
    "name":"com.example:feature-toggle:2.2.0",
    "size_mb":19.4,
    "created_date":"2022-11-30",
    "last_downloaded":"2024-09-05",
    "download_count":615
  },
  {
    "name":"com.example:feature-toggle:2.3.0",
    "size_mb":20.2,
    "created_date":"2023-06-25",
    "last_downloaded":"2024-12-15",
    "download_count":1280
  },
  {
    "name":"com.example:load-balancer:3.4.0",
    "size_mb":112.8,
    "created_date":"2022-02-22",
    "last_downloaded":"2023-05-02",
    "download_count":105
  },
  {
    "name":"com.example:load-balancer:3.5.0",
    "size_mb":116.5,
    "created_date":"2022-09-08",
    "last_downloaded":"2024-07-08",
    "download_count":475
  },
  {
    "name":"com.example:load-balancer:3.6.0",
    "size_mb":120.4,
    "created_date":"2023-04-22",
    "last_downloaded":"2024-11-30",
    "download_count":1095
  },
  {
    "name":"com.example:session-manager:1.9.0",
    "size_mb":51.3,
    "created_date":"2022-05-28",
    "last_downloaded":"2023-07-15",
    "download_count":195
  },
  {
    "name":"com.example:session-manager:2.0.0",
    "size_mb":53.1,
    "created_date":"2023-01-10",
    "last_downloaded":"2024-08-28",
    "download_count":695
  },
  {
    "name":"com.example:session-manager:2.1.0",
    "size_mb":54.9,
    "created_date":"2023-07-18",
    "last_downloaded":"2024-12-18",
    "download_count":1395
  },
  {
    "name":"com.example:audit-logger:4.1.0",
    "size_mb":87.6,
    "created_date":"2022-03-25",
    "last_downloaded":"2023-09-18",
    "download_count":145
  },
  {
    "name":"com.example:audit-logger:4.2.0",
    "size_mb":90.2,
    "created_date":"2022-12-02",
    "last_downloaded":"2024-10-08",
    "download_count":585
  },
  {
    "name":"com.example:audit-logger:4.3.0",
    "size_mb":93.1,
    "created_date":"2023-08-10",
    "last_downloaded":"2024-12-20",
    "download_count":1315
  },
  {
    "name":"com.example:encryption-service:2.7.0",
    "size_mb":76.4,
    "created_date":"2022-01-20",
    "last_downloaded":"2023-04-15",
    "download_count":88
  },
  {
    "name":"com.example:encryption-service:2.8.0",
    "size_mb":78.9,
    "created_date":"2022-08-05",
    "last_downloaded":"2024-06-25",
    "download_count":415
  },
  {
    "name":"com.example:encryption-service:2.9.0",
    "size_mb":81.6,
    "created_date":"2023-02-28",
    "last_downloaded":"2024-11-18",
    "download_count":965
  },
  {
    "name":"com.example:metadata-service:3.3.0",
    "size_mb":105.7,
    "created_date":"2022-06-08",
    "last_downloaded":"2023-08-05",
    "download_count":230
  },
  {
    "name":"com.example:metadata-service:3.4.0",
    "size_mb":108.9,
    "created_date":"2023-03-15",
    "last_downloaded":"2024-09-22",
    "download_count":780
  },
  {
    "name":"com.example:metadata-service:3.5.0",
    "size_mb":112.3,
    "created_date":"2023-09-20",
    "last_downloaded":"2024-12-25",
    "download_count":1485
  },
  {
    "name":"com.example:health-check:1.6.0",
    "size_mb":14.8,
    "created_date":"2022-04-12",
    "last_downloaded":"2023-06-22",
    "download_count":170
  },
  {
    "name":"com.example:health-check:1.7.0",
    "size_mb":15.4,
    "created_date":"2022-11-15",
    "last_downloaded":"2024-08-15",
    "download_count":630
  },
  {
    "name":"com.example:health-check:1.8.0",
    "size_mb":16.1,
    "created_date":"2023-06-10",
    "last_downloaded":"2024-12-09",
    "download_count":1245
  },
  {
    "name":"com.example:metrics-collector:5.2.0",
    "size_mb":142.9,
    "created_date":"2022-02-15",
    "last_downloaded":"2023-03-18",
    "download_count":92
  },
  {
    "name":"com.example:metrics-collector:5.3.0",
    "size_mb":147.3,
    "created_date":"2022-09-22",
    "last_downloaded":"2024-07-12",
    "download_count":455
  },
  {
    "name":"com.example:metrics-collector:5.4.0",
    "size_mb":151.9,
    "created_date":"2023-05-28",
    "last_downloaded":"2024-12-02",
    "download_count":1055
  },
  {
    "name":"com.example:license-manager:2.5.0",
    "size_mb":68.5,
    "created_date":"2022-05-05",
    "last_downloaded":"2023-09-08",
    "download_count":200
  },
  {
    "name":"com.example:license-manager:2.6.0",
    "size_mb":70.7,
    "created_date":"2023-01-22",
    "last_downloaded":"2024-10-16",
    "download_count":725
  },
  {
    "name":"com.example:license-manager:2.7.0",
    "size_mb":73.1,
    "created_date":"2023-08-05",
    "last_downloaded":"2024-12-22",
    "download_count":1425
  },
  {
    "name":"com.example:template-engine:4.8.0",
    "size_mb":95.3,
    "created_date":"2022-03-18",
    "last_downloaded":"2023-05-20",
    "download_count":125
  },
  {
    "name":"com.example:template-engine:4.9.0",
    "size_mb":98.1,
    "created_date":"2022-10-12",
    "last_downloaded":"2024-08-02",
    "download_count":485
  },
  {
    "name":"com.example:template-engine:5.0.0",
    "size_mb":101.2,
    "created_date":"2023-04-08",
    "last_downloaded":"2024-11-22",
    "download_count":1125
  }
]