[
  {
    "name":"com.example:auth-service:1.5.0-SNAPSHOT",
    "size_mb":45.2,
    "created_date":"2024-01-15",
    "last_downloaded":"2024-03-10",
    "download_count":234
  },
  {
    "name":"com.example:user-service:2.1.0-SNAPSHOT",
    "size_mb":67.8,
    "created_date":"2024-02-20",
    "last_downloaded":"2024-03-12",
    "download_count":456
  },
  {
    "name":"com.example:payment-service:3.0.0-SNAPSHOT",
    "size_mb":89.3,
    "created_date":"2023-12-10",
    "last_downloaded":"2024-01-05",
    "download_count":89
  },
  {
    "name":"com.example:notification-service:1.2.0-SNAPSHOT",
    "size_mb":34.5,
    "created_date":"2024-03-01",
    "last_downloaded":"2024-03-14",
    "download_count":567
  },
  {
    "name":"com.example:order-service:2.5.0-SNAPSHOT",
    "size_mb":123.4,
    "created_date":"2023-11-15",
    "last_downloaded":"2023-12-20",
    "download_count":45
  },
  {
    "name":"com.example:inventory-service:1.8.0-SNAPSHOT",
    "size_mb":56.7,
    "created_date":"2024-02-10",
    "last_downloaded":"2024-03-11",
    "download_count":678
  },
  {
    "name":"com.example:shipping-service:2.2.0-SNAPSHOT",
    "size_mb":78.9,
    "created_date":"2023-10-25",
    "last_downloaded":"2023-11-30",
    "download_count":23
  },
  {
    "name":"com.example:analytics-service:3.1.0-SNAPSHOT",
    "size_mb":145.6,
    "created_date":"2024-01-05",
    "last_downloaded":"2024-03-13",
    "download_count":890
  },
  {
    "name":"com.example:reporting-service:1.4.0-SNAPSHOT",
    "size_mb":98.2,
    "created_date":"2023-09-20",
    "last_downloaded":"2023-10-15",
    "download_count":12
  },
  {
    "name":"com.example:api-gateway:4.0.0-SNAPSHOT",
    "size_mb":234.5,
    "created_date":"2024-02-25",
    "last_downloaded":"2024-03-14",
    "download_count":1234
  },
  {
    "name":"com.example:config-service:1.1.0-SNAPSHOT",
    "size_mb":23.4,
    "created_date":"2024-03-05",
    "last_downloaded":"2024-03-13",
    "download_count":345
  },
  {
    "name":"com.example:discovery-service:2.0.0-SNAPSHOT",
    "size_mb":45.6,
    "created_date":"2023-08-15",
    "last_downloaded":"2023-09-10",
    "download_count":8
  },
  {
    "name":"com.example:logging-service:1.6.0-SNAPSHOT",
    "size_mb":67.8,
    "created_date":"2024-01-20",
    "last_downloaded":"2024-03-09",
    "download_count":456
  },
  {
    "name":"com.example:monitoring-service:2.3.0-SNAPSHOT",
    "size_mb":89.1,
    "created_date":"2023-07-10",
    "last_downloaded":"2023-08-05",
    "download_count":5
  },
  {
    "name":"com.example:security-service:3.2.0-SNAPSHOT",
    "size_mb":112.3,
    "created_date":"2024-02-15",
    "last_downloaded":"2024-03-12",
    "download_count":789
  },
  {
    "name":"com.example:cache-service:1.3.0-SNAPSHOT",
    "size_mb":34.5,
    "created_date":"2023-12-20",
    "last_downloaded":"2024-02-10",
    "download_count":123
  },
  {
    "name":"com.example:search-service:2.4.0-SNAPSHOT",
    "size_mb":156.7,
    "created_date":"2023-06-25",
    "last_downloaded":"2023-07-20",
    "download_count":3
  },
  {
    "name":"com.example:recommendation-service:1.7.0-SNAPSHOT",
    "size_mb":78.9,
    "created_date":"2024-01-25",
    "last_downloaded":"2024-03-11",
    "download_count":567
  },
  {
    "name":"com.example:billing-service:2.6.0-SNAPSHOT",
    "size_mb":98.4,
    "created_date":"2023-11-05",
    "last_downloaded":"2023-12-15",
    "download_count":67
  },
  {
    "name":"com.example:customer-service:3.3.0-SNAPSHOT",
    "size_mb":123.6,
    "created_date":"2024-02-28",
    "last_downloaded":"2024-03-14",
    "download_count":890
  },
  {
    "name":"com.example:product-service:1.9.0-SNAPSHOT",
    "size_mb":45.2,
    "created_date":"2023-10-10",
    "last_downloaded":"2023-11-20",
    "download_count":34
  },
  {
    "name":"com.example:catalog-service:2.7.0-SNAPSHOT",
    "size_mb":67.3,
    "created_date":"2024-03-02",
    "last_downloaded":"2024-03-13",
    "download_count":678
  },
  {
    "name":"com.example:cart-service:3.4.0-SNAPSHOT",
    "size_mb":89.5,
    "created_date":"2023-09-05",
    "last_downloaded":"2023-10-10",
    "download_count":18
  },
  {
    "name":"com.example:checkout-service:1.5.0-SNAPSHOT",
    "size_mb":112.7,
    "created_date":"2024-01-30",
    "last_downloaded":"2024-03-10",
    "download_count":456
  },
  {
    "name":"com.example:review-service:2.8.0-SNAPSHOT",
    "size_mb":134.2,
    "created_date":"2023-08-20",
    "last_downloaded":"2023-09-25",
    "download_count":9
  },
  {
    "name":"com.example:rating-service:3.5.0-SNAPSHOT",
    "size_mb":56.8,
    "created_date":"2024-02-05",
    "last_downloaded":"2024-03-12",
    "download_count":567
  },
  {
    "name":"com.example:feedback-service:1.2.0-SNAPSHOT",
    "size_mb":78.1,
    "created_date":"2023-07-15",
    "last_downloaded":"2023-08-18",
    "download_count":6
  },
  {
    "name":"com.example:email-service:2.9.0-SNAPSHOT",
    "size_mb":98.9,
    "created_date":"2024-01-10",
    "last_downloaded":"2024-03-11",
    "download_count":789
  },
  {
    "name":"com.example:sms-service:3.6.0-SNAPSHOT",
    "size_mb":123.4,
    "created_date":"2023-12-25",
    "last_downloaded":"2024-02-05",
    "download_count":145
  },
  {
    "name":"com.example:push-service:1.4.0-SNAPSHOT",
    "size_mb":45.6,
    "created_date":"2024-02-18",
    "last_downloaded":"2024-03-13",
    "download_count":890
  },
  {
    "name":"com.example:webhook-service:2.1.0-SNAPSHOT",
    "size_mb":67.8,
    "created_date":"2023-11-20",
    "last_downloaded":"2023-12-28",
    "download_count":56
  },
  {
    "name":"com.example:integration-service:3.7.0-SNAPSHOT",
    "size_mb":189.2,
    "created_date":"2023-06-10",
    "last_downloaded":"2023-07-15",
    "download_count":4
  },
  {
    "name":"com.example:etl-service:1.6.0-SNAPSHOT",
    "size_mb":234.5,
    "created_date":"2024-03-08",
    "last_downloaded":"2024-03-14",
    "download_count":1123
  },
  {
    "name":"com.example:data-service:2.2.0-SNAPSHOT",
    "size_mb":156.3,
    "created_date":"2023-10-15",
    "last_downloaded":"2023-11-25",
    "download_count":28
  },
  {
    "name":"com.example:transform-service:3.8.0-SNAPSHOT",
    "size_mb":98.7,
    "created_date":"2024-01-18",
    "last_downloaded":"2024-03-09",
    "download_count":678
  },
  {
    "name":"com.example:validation-service:1.8.0-SNAPSHOT",
    "size_mb":78.4,
    "created_date":"2023-09-28",
    "last_downloaded":"2023-10-30",
    "download_count":15
  },
  {
    "name":"com.example:enrichment-service:2.3.0-SNAPSHOT",
    "size_mb":123.9,
    "created_date":"2024-02-22",
    "last_downloaded":"2024-03-12",
    "download_count":789
  },
  {
    "name":"com.example:scheduler-service:3.9.0-SNAPSHOT",
    "size_mb":45.1,
    "created_date":"2023-08-05",
    "last_downloaded":"2023-09-08",
    "download_count":7
  },
  {
    "name":"com.example:batch-service:1.3.0-SNAPSHOT",
    "size_mb":267.8,
    "created_date":"2024-01-12",
    "last_downloaded":"2024-03-11",
    "download_count":456
  },
  {
    "name":"com.example:streaming-service:2.4.0-SNAPSHOT",
    "size_mb":189.6,
    "created_date":"2023-07-22",
    "last_downloaded":"2023-08-25",
    "download_count":5
  },
  {
    "name":"com.example:messaging-service:3.0.0-SNAPSHOT",
    "size_mb":134.2,
    "created_date":"2024-02-12",
    "last_downloaded":"2024-03-13",
    "download_count":890
  },
  {
    "name":"com.example:queue-service:1.7.0-SNAPSHOT",
    "size_mb":98.5,
    "created_date":"2023-12-05",
    "last_downloaded":"2024-01-20",
    "download_count":78
  },
  {
    "name":"com.example:pubsub-service:2.5.0-SNAPSHOT",
    "size_mb":78.3,
    "created_date":"2023-11-10",
    "last_downloaded":"2023-12-18",
    "download_count":45
  },
  {
    "name":"com.example:event-service:3.1.0-SNAPSHOT",
    "size_mb":156.7,
    "created_date":"2024-03-10",
    "last_downloaded":"2024-03-14",
    "download_count":1234
  },
  {
    "name":"com.example:storage-service:1.9.0-SNAPSHOT",
    "size_mb":234.9,
    "created_date":"2023-06-18",
    "last_downloaded":"2023-07-22",
    "download_count":2
  },
  {
    "name":"com.example:blob-service:2.6.0-SNAPSHOT",
    "size_mb":189.4,
    "created_date":"2024-01-22",
    "last_downloaded":"2024-03-10",
    "download_count":567
  },
  {
    "name":"com.example:file-service:3.2.0-SNAPSHOT",
    "size_mb":123.6,
    "created_date":"2023-10-20",
    "last_downloaded":"2023-11-28",
    "download_count":32
  },
  {
    "name":"com.example:media-service:1.4.0-SNAPSHOT",
    "size_mb":267.2,
    "created_date":"2024-02-08",
    "last_downloaded":"2024-03-12",
    "download_count":789
  },
  {
    "name":"com.example:image-service:2.7.0-SNAPSHOT",
    "size_mb":145.8,
    "created_date":"2023-09-12",
    "last_downloaded":"2023-10-18",
    "download_count":19
  },
  {
    "name":"com.example:video-service:3.3.0-SNAPSHOT",
    "size_mb":298.5,
    "created_date":"2024-01-28",
    "last_downloaded":"2024-03-11",
    "download_count":456
  },
  {
    "name":"com.example:audio-service:1.5.0-SNAPSHOT",
    "size_mb":112.3,
    "created_date":"2023-08-25",
    "last_downloaded":"2023-09-30",
    "download_count":11
  },
  {
    "name":"com.example:transcoding-service:2.8.0-SNAPSHOT",
    "size_mb":234.7,
    "created_date":"2024-03-04",
    "last_downloaded":"2024-03-13",
    "download_count":890
  },
  {
    "name":"com.example:cdn-service:3.4.0-SNAPSHOT",
    "size_mb":178.9,
    "created_date":"2023-07-08",
    "last_downloaded":"2023-08-12",
    "download_count":6
  },
  {
    "name":"com.example:proxy-service:1.6.0-SNAPSHOT",
    "size_mb":89.4,
    "created_date":"2024-02-16",
    "last_downloaded":"2024-03-12",
    "download_count":678
  },
  {
    "name":"com.example:load-balancer:2.9.0-SNAPSHOT",
    "size_mb":67.2,
    "created_date":"2023-12-15",
    "last_downloaded":"2024-01-25",
    "download_count":89
  },
  {
    "name":"com.example:firewall-service:3.5.0-SNAPSHOT",
    "size_mb":123.8,
    "created_date":"2023-11-25",
    "last_downloaded":"2023-12-30",
    "download_count":52
  },
  {
    "name":"com.example:vpn-service:1.8.0-SNAPSHOT",
    "size_mb":156.4,
    "created_date":"2024-01-08",
    "last_downloaded":"2024-03-10",
    "download_count":567
  },
  {
    "name":"com.example:encryption-service:2.1.0-SNAPSHOT",
    "size_mb":98.6,
    "created_date":"2023-10-05",
    "last_downloaded":"2023-11-12",
    "download_count":26
  },
  {
    "name":"com.example:decryption-service:3.6.0-SNAPSHOT",
    "size_mb":78.7,
    "created_date":"2024-02-26",
    "last_downloaded":"2024-03-13",
    "download_count":789
  },
  {
    "name":"com.example:hashing-service:1.2.0-SNAPSHOT",
    "size_mb":45.9,
    "created_date":"2023-09-18",
    "last_downloaded":"2023-10-22",
    "download_count":14
  },
  {
    "name":"com.example:signing-service:2.2.0-SNAPSHOT",
    "size_mb":67.1,
    "created_date":"2024-01-16",
    "last_downloaded":"2024-03-11",
    "download_count":456
  },
  {
    "name":"com.example:verification-service:3.7.0-SNAPSHOT",
    "size_mb":89.8,
    "created_date":"2023-08-10",
    "last_downloaded":"2023-09-15",
    "download_count":8
  },
  {
    "name":"com.example:certificate-service:1.7.0-SNAPSHOT",
    "size_mb":112.5,
    "created_date":"2024-03-06",
    "last_downloaded":"2024-03-14",
    "download_count":890
  },
  {
    "name":"com.example:token-service:2.3.0-SNAPSHOT",
    "size_mb":134.6,
    "created_date":"2023-07-25",
    "last_downloaded":"2023-08-28",
    "download_count":5
  },
  {
    "name":"com.example:session-service:3.8.0-SNAPSHOT",
    "size_mb":98.2,
    "created_date":"2024-02-10",
    "last_downloaded":"2024-03-12",
    "download_count":678
  },
  {
    "name":"com.example:cookie-service:1.9.0-SNAPSHOT",
    "size_mb":78.5,
    "created_date":"2023-12-28",
    "last_downloaded":"2024-02-08",
    "download_count":123
  },
  {
    "name":"com.example:cors-service:2.4.0-SNAPSHOT",
    "size_mb":56.3,
    "created_date":"2023-11-08",
    "last_downloaded":"2023-12-14",
    "download_count":48
  },
  {
    "name":"com.example:rate-limit-service:3.9.0-SNAPSHOT",
    "size_mb":89.7,
    "created_date":"2024-01-20",
    "last_downloaded":"2024-03-10",
    "download_count":567
  },
  {
    "name":"com.example:throttle-service:1.3.0-SNAPSHOT",
    "size_mb":123.9,
    "created_date":"2023-06-12",
    "last_downloaded":"2023-07-18",
    "download_count":3
  },
  {
    "name":"com.example:circuit-breaker:2.5.0-SNAPSHOT",
    "size_mb":145.2,
    "created_date":"2024-02-24",
    "last_downloaded":"2024-03-13",
    "download_count":789
  },
  {
    "name":"com.example:retry-service:3.0.0-SNAPSHOT",
    "size_mb":167.8,
    "created_date":"2023-10-28",
    "last_downloaded":"2023-12-02",
    "download_count":35
  },
  {
    "name":"com.example:timeout-service:1.5.0-SNAPSHOT",
    "size_mb":98.4,
    "created_date":"2024-01-14",
    "last_downloaded":"2024-03-11",
    "download_count":456
  },
  {
    "name":"com.example:health-service:2.6.0-SNAPSHOT",
    "size_mb":78.6,
    "created_date":"2023-09-22",
    "last_downloaded":"2023-10-28",
    "download_count":17
  },
  {
    "name":"com.example:metrics-service:3.1.0-SNAPSHOT",
    "size_mb":189.3,
    "created_date":"2024-03-12",
    "last_downloaded":"2024-03-14",
    "download_count":1234
  },
  {
    "name":"com.example:trace-service:1.6.0-SNAPSHOT",
    "size_mb":234.6,
    "created_date":"2023-08-16",
    "last_downloaded":"2023-09-20",
    "download_count":9
  },
  {
    "name":"com.example:audit-service:2.7.0-SNAPSHOT",
    "size_mb":156.9,
    "created_date":"2024-02-06",
    "last_downloaded":"2024-03-12",
    "download_count":678
  },
  {
    "name":"com.example:compliance-service:3.2.0-SNAPSHOT",
    "size_mb":123.1,
    "created_date":"2023-07-30",
    "last_downloaded":"2023-09-05",
    "download_count":7
  },
  {
    "name":"com.example:gdpr-service:1.8.0-SNAPSHOT",
    "size_mb":98.8,
    "created_date":"2024-01-26",
    "last_downloaded":"2024-03-10",
    "download_count":567
  },
  {
    "name":"com.example:privacy-service:2.8.0-SNAPSHOT",
    "size_mb":78.2,
    "created_date":"2023-12-18",
    "last_downloaded":"2024-01-30",
    "download_count":98
  },
  {
    "name":"com.example:consent-service:3.3.0-SNAPSHOT",
    "size_mb":112.4,
    "created_date":"2023-11-12",
    "last_downloaded":"2023-12-22",
    "download_count":44
  },
  {
    "name":"com.example:preference-service:1.4.0-SNAPSHOT",
    "size_mb":134.7,
    "created_date":"2024-02-20",
    "last_downloaded":"2024-03-13",
    "download_count":789
  },
  {
    "name":"com.example:profile-service:2.9.0-SNAPSHOT",
    "size_mb":156.5,
    "created_date":"2023-10-22",
    "last_downloaded":"2023-11-30",
    "download_count":31
  },
  {
    "name":"com.example:account-service:3.4.0-SNAPSHOT",
    "size_mb":189.7,
    "created_date":"2024-01-24",
    "last_downloaded":"2024-03-11",
    "download_count":456
  },
  {
    "name":"com.example:subscription-service:1.7.0-SNAPSHOT",
    "size_mb":234.1,
    "created_date":"2023-09-08",
    "last_downloaded":"2023-10-14",
    "download_count":16
  },
  {
    "name":"com.example:license-service:2.1.0-SNAPSHOT",
    "size_mb":267.9,
    "created_date":"2024-03-07",
    "last_downloaded":"2024-03-14",
    "download_count":890
  },
  {
    "name":"com.example:feature-flag-service:3.5.0-SNAPSHOT",
    "size_mb":145.3,
    "created_date":"2023-08-28",
    "last_downloaded":"2023-10-02",
    "download_count":10
  },
  {
    "name":"com.example:ab-test-service:1.9.0-SNAPSHOT",
    "size_mb":123.7,
    "created_date":"2024-02-14",
    "last_downloaded":"2024-03-12",
    "download_count":678
  },
  {
    "name":"com.example:experiment-service:2.2.0-SNAPSHOT",
    "size_mb":98.9,
    "created_date":"2023-07-12",
    "last_downloaded":"2023-08-16",
    "download_count":6
  },
  {
    "name":"com.example:personalization-service:3.6.0-SNAPSHOT",
    "size_mb":178.4,
    "created_date":"2024-01-06",
    "last_downloaded":"2024-03-10",
    "download_count":567
  },
  {
    "name":"com.example:segmentation-service:1.2.0-SNAPSHOT",
    "size_mb":156.2,
    "created_date":"2023-12-22",
    "last_downloaded":"2024-02-04",
    "download_count":112
  },
  {
    "name":"com.example:targeting-service:2.3.0-SNAPSHOT",
    "size_mb":134.8,
    "created_date":"2023-11-16",
    "last_downloaded":"2023-12-25",
    "download_count":49
  },
  {
    "name":"com.example:campaign-service:3.7.0-SNAPSHOT",
    "size_mb":189.6,
    "created_date":"2024-02-28",
    "last_downloaded":"2024-03-13",
    "download_count":789
  },
  {
    "name":"com.example:promotion-service:1.5.0-SNAPSHOT",
    "size_mb":234.4,
    "created_date":"2023-10-12",
    "last_downloaded":"2023-11-18",
    "download_count":29
  },
  {
    "name":"com.example:discount-service:2.4.0-SNAPSHOT",
    "size_mb":267.3,
    "created_date":"2024-01-18",
    "last_downloaded":"2024-03-11",
    "download_count":456
  },
  {
    "name":"com.example:coupon-service:3.8.0-SNAPSHOT",
    "size_mb":198.7,
    "created_date":"2023-09-14",
    "last_downloaded":"2023-10-20",
    "download_count":18
  },
  {
    "name":"com.example:loyalty-service:1.6.0-SNAPSHOT",
    "size_mb":156.1,
    "created_date":"2024-03-09",
    "last_downloaded":"2024-03-14",
    "download_count":1123
  },
  {
    "name":"com.example:reward-service:2.5.0-SNAPSHOT",
    "size_mb":123.5,
    "created_date":"2023-08-22",
    "last_downloaded":"2023-09-27",
    "download_count":11
  },
  {
    "name":"com.example:point-service:3.9.0-SNAPSHOT",
    "size_mb":98.3,
    "created_date":"2024-02-11",
    "last_downloaded":"2024-03-12",
    "download_count":678
  },
  {
    "name":"com.example:tier-service:1.8.0-SNAPSHOT",
    "size_mb":178.9,
    "created_date":"2023-07-18",
    "last_downloaded":"2023-08-22",
    "download_count":5
  },
  {
    "name":"com.example:membership-service:2.6.0-SNAPSHOT",
    "size_mb":145.6,
    "created_date":"2024-01-21",
    "last_downloaded":"2024-03-10",
    "download_count":567
  },
  {
    "name":"com.example:referral-service:3.0.0-SNAPSHOT",
    "size_mb":134.2,
    "created_date":"2023-12-08",
    "last_downloaded":"2024-01-18",
    "download_count":87
  },
  {
    "name":"com.example:affiliate-service:1.3.0-SNAPSHOT",
    "size_mb":189.8,
    "created_date":"2023-11-22",
    "last_downloaded":"2023-12-29",
    "download_count":46
  },
  {
    "name":"com.example:partner-service:2.7.0-SNAPSHOT",
    "size_mb":234.9,
    "created_date":"2024-02-19",
    "last_downloaded":"2024-03-13",
    "download_count":789
  },
  {
    "name":"com.example:vendor-service:3.1.0-SNAPSHOT",
    "size_mb":267.5,
    "created_date":"2023-06-20",
    "last_downloaded":"2023-07-25",
    "download_count":4
  },
  {
    "name":"com.example:supplier-service:1.7.0-SNAPSHOT",
    "size_mb":198.2,
    "created_date":"2024-03-11",
    "last_downloaded":"2024-03-14",
    "download_count":1234
  },
  {
    "name":"com.example:procurement-service:2.8.0-SNAPSHOT",
    "size_mb":156.7,
    "created_date":"2023-10-18",
    "last_downloaded":"2023-11-24",
    "download_count":30
  },
  {
    "name":"com.example:invoice-service:3.2.0-SNAPSHOT",
    "size_mb":123.4,
    "created_date":"2024-01-29",
    "last_downloaded":"2024-03-11",
    "download_count":456
  },
  {
    "name":"com.example:receipt-service:1.9.0-SNAPSHOT",
    "size_mb":98.6,
    "created_date":"2023-09-25",
    "last_downloaded":"2023-10-31",
    "download_count":20
  },
  {
    "name":"com.example:tax-service:2.9.0-SNAPSHOT",
    "size_mb":178.3,
    "created_date":"2024-02-23",
    "last_downloaded":"2024-03-13",
    "download_count":789
  },
  {
    "name":"com.example:accounting-service:3.3.0-SNAPSHOT",
    "size_mb":234.7,
    "created_date":"2023-08-12",
    "last_downloaded":"2023-09-18",
    "download_count":9
  },
  {
    "name":"com.example:ledger-service:1.4.0-SNAPSHOT",
    "size_mb":267.1,
    "created_date":"2024-01-11",
    "last_downloaded":"2024-03-10",
    "download_count":567
  },
  {
    "name":"com.example:reconciliation-service:2.1.0-SNAPSHOT",
    "size_mb":198.5,
    "created_date":"2023-07-26",
    "last_downloaded":"2023-08-30",
    "download_count":7
  },
  {
    "name":"com.example:settlement-service:3.4.0-SNAPSHOT",
    "size_mb":156.9,
    "created_date":"2024-03-03",
    "last_downloaded":"2024-03-13",
    "download_count":890
  },
  {
    "name":"com.example:clearing-service:1.5.0-SNAPSHOT",
    "size_mb":123.8,
    "created_date":"2023-12-12",
    "last_downloaded":"2024-01-22",
    "download_count":76
  },
  {
    "name":"com.example:escrow-service:2.2.0-SNAPSHOT",
    "size_mb":189.4,
    "created_date":"2023-11-28",
    "last_downloaded":"2024-01-05",
    "download_count":51
  },
  {
    "name":"com.example:refund-service:3.5.0-SNAPSHOT",
    "size_mb":234.2,
    "created_date":"2024-02-17",
    "last_downloaded":"2024-03-12",
    "download_count":678
  },
  {
    "name":"com.example:chargeback-service:1.6.0-SNAPSHOT",
    "size_mb":267.8,
    "created_date":"2023-10-08",
    "last_downloaded":"2023-11-15",
    "download_count":27
  },
  {
    "name":"com.example:dispute-service:2.3.0-SNAPSHOT",
    "size_mb":198.6,
    "created_date":"2024-01-27",
    "last_downloaded":"2024-03-11",
    "download_count":456
  },
  {
    "name":"com.example:fraud-service:3.6.0-SNAPSHOT",
    "size_mb":178.1,
    "created_date":"2023-09-19",
    "last_downloaded":"2023-10-25",
    "download_count":19
  },
  {
    "name":"com.example:risk-service:1.8.0-SNAPSHOT",
    "size_mb":156.3,
    "created_date":"2024-03-13",
    "last_downloaded":"2024-03-14",
    "download_count":1234
  },
  {
    "name":"com.example:compliance-check-service:2.4.0-SNAPSHOT",
    "size_mb":134.9,
    "created_date":"2023-08-08",
    "last_downloaded":"2023-09-12",
    "download_count":8
  },
  {
    "name":"com.example:kyc-service:3.7.0-SNAPSHOT",
    "size_mb":189.7,
    "created_date":"2024-02-09",
    "last_downloaded":"2024-03-12",
    "download_count":678
  },
  {
    "name":"com.example:aml-service:1.2.0-SNAPSHOT",
    "size_mb":234.5,
    "created_date":"2023-07-14",
    "last_downloaded":"2023-08-19",
    "download_count":6
  },
  {
    "name":"com.example:sanction-service:2.5.0-SNAPSHOT",
    "size_mb":267.9,
    "created_date":"2024-01-15",
    "last_downloaded":"2024-03-10",
    "download_count":567
  },
  {
    "name":"com.example:pep-service:3.8.0-SNAPSHOT",
    "size_mb":198.3,
    "created_date":"2023-12-30",
    "last_downloaded":"2024-02-12",
    "download_count":134
  },
  {
    "name":"com.example:screening-service:1.7.0-SNAPSHOT",
    "size_mb":178.8,
    "created_date":"2023-11-14",
    "last_downloaded":"2023-12-20",
    "download_count":43
  },
  {
    "name":"com.example:verification-check-service:2.6.0-SNAPSHOT",
    "size_mb":156.4,
    "created_date":"2024-02-21",
    "last_downloaded":"2024-03-13",
    "download_count":789
  },
  {
    "name":"com.example:identity-service:3.9.0-SNAPSHOT",
    "size_mb":134.6,
    "created_date":"2023-10-26",
    "last_downloaded":"2023-12-03",
    "download_count":33
  },
  {
    "name":"com.example:biometric-service:1.9.0-SNAPSHOT",
    "size_mb":189.2,
    "created_date":"2024-01-19",
    "last_downloaded":"2024-03-11",
    "download_count":456
  },
  {
    "name":"com.example:facial-recognition:2.7.0-SNAPSHOT",
    "size_mb":234.8,
    "created_date":"2023-09-11",
    "last_downloaded":"2023-10-17",
    "download_count":17
  },
  {
    "name":"com.example:fingerprint-service:3.0.0-SNAPSHOT",
    "size_mb":267.4,
    "created_date":"2024-03-14",
    "last_downloaded":"2024-03-14",
    "download_count":1567
  },
  {
    "name":"com.example:voice-recognition:1.3.0-SNAPSHOT",
    "size_mb":198.7,
    "created_date":"2023-08-18",
    "last_downloaded":"2023-09-23",
    "download_count":10
  },
  {
    "name":"com.example:document-verification:2.8.0-SNAPSHOT",
    "size_mb":178.5,
    "created_date":"2024-02-13",
    "last_downloaded":"2024-03-12",
    "download_count":678
  },
  {
    "name":"com.example:address-verification:3.1.0-SNAPSHOT",
    "size_mb":156.8,
    "created_date":"2023-07-20",
    "last_downloaded":"2023-08-24",
    "download_count":5
  }
]