<?xml version="1.0" encoding="UTF-8"?>
<configuration>
  <property>
    <name>dfs.replication</name>
    <value>3</value>
    <description>Default block replication factor</description>
  </property>

  <property>
    <name>dfs.blocksize</name>
    <value>134217728</value>
    <description>Default block size in bytes (128MB)</description>
  </property>

  <property>
    <name>dfs.namenode.name.dir</name>
    <value>/hadoop/hdfs/namenode</value>
    <description>Directory for NameNode metadata storage</description>
  </property>

  <property>
    <name>dfs.datanode.data.dir</name>
    <value>/hadoop/hdfs/datanode</value>
    <description>Directory for DataNode block storage</description>
  </property>

  <property>
    <name>dfs.namenode.http-address</name>
    <value>localhost:50070</value>
    <description>NameNode web UI address</description>
  </property>

  <property>
    <name>dfs.namenode.checkpoint.period</name>
    <value>21600</value>
    <description>Time interval between checkpoints in seconds</description>
  </property>

  <property>
    <name>dfs.namenode.checkpoint.txns</name>
    <value>1000000</value>
    <description>Number of transactions to trigger a checkpoint</description>
  </property>

  <property>
    <name>dfs.namenode.checkpoint.dir</name>
    <value>/tmp/hadoop/checkpoint</value>
    <description>Directory for Secondary NameNode checkpoint images</description>
  </property>

  <property>
    <name>dfs.permissions.enabled</name>
    <value>true</value>
    <description>Enable HDFS permissions checking</description>
  </property>

  <property>
    <name>dfs.namenode.handler.count</name>
    <value>10</value>
    <description>Number of server threads for NameNode</description>
  </property>
</configuration>