[
  {
    "FunctionName":"user-authentication",
    "Runtime":"python3.9",
    "Handler":"index.handler",
    "MemorySize":512,
    "Timeout":3,
    "EnvironmentVariables":"{\"DB_HOST\":\"prod-db.example.com\",\"API_KEY\":\"encrypted-key-123\"}",
    "Role":"arn:aws:iam::123456789012:role\/lambda-role"
  },
  {
    "FunctionName":"data-processor",
    "Runtime":"nodejs18.x",
    "Handler":"app.handler",
    "MemorySize":1024,
    "Timeout":30,
    "EnvironmentVariables":"{\"QUEUE_URL\":\"https:\/\/sqs.us-east-1.amazonaws.com\/123456789012\/data-queue\",\"BATCH_SIZE\":\"100\"}",
    "Role":"arn:aws:iam::123456789012:role\/lambda-data-role"
  },
  {
    "FunctionName":"notification-service",
    "Runtime":"python3.9",
    "Handler":"notification.handler",
    "MemorySize":256,
    "Timeout":5,
    "EnvironmentVariables":"{\"SNS_TOPIC\":\"arn:aws:sns:us-east-1:123456789012:notifications\",\"EMAIL_FROM\":\"noreply@example.com\"}",
    "Role":"arn:aws:iam::123456789012:role\/lambda-notification-role"
  },
  {
    "FunctionName":"image-resizer",
    "Runtime":"python3.9",
    "Handler":"resize.handler",
    "MemorySize":2048,
    "Timeout":60,
    "EnvironmentVariables":"{\"S3_BUCKET\":\"image-storage-prod\",\"MAX_WIDTH\":\"2000\"}",
    "Role":"arn:aws:iam::123456789012:role\/lambda-image-role"
  },
  {
    "FunctionName":"api-gateway-proxy",
    "Runtime":"nodejs18.x",
    "Handler":"proxy.handler",
    "MemorySize":512,
    "Timeout":15,
    "EnvironmentVariables":"{\"BACKEND_URL\":\"https:\/\/api.backend.example.com\",\"TIMEOUT\":\"10000\"}",
    "Role":"arn:aws:iam::123456789012:role\/lambda-api-role"
  },
  {
    "FunctionName":"report-generator",
    "Runtime":"python3.9",
    "Handler":"generate.handler",
    "MemorySize":3008,
    "Timeout":120,
    "EnvironmentVariables":"{\"DB_CONNECTION\":\"postgresql:\/\/prod-db:5432\/reports\",\"OUTPUT_BUCKET\":\"reports-prod\"}",
    "Role":"arn:aws:iam::123456789012:role\/lambda-report-role"
  }
]