[
  {
    "timestamp":"2024-01-15T10:23:45.123Z",
    "function_name":"email-sender",
    "execution_time_ms":234,
    "request_id":"req-001-email",
    "status":"SUCCESS"
  },
  {
    "timestamp":"2024-01-15T10:24:12.456Z",
    "function_name":"email-sender",
    "execution_time_ms":312,
    "request_id":"req-002-email",
    "status":"SUCCESS"
  },
  {
    "timestamp":"2024-01-15T10:25:33.789Z",
    "function_name":"email-sender",
    "execution_time_ms":198,
    "request_id":"req-003-email",
    "status":"SUCCESS"
  },
  {
    "timestamp":"2024-01-15T10:26:47.234Z",
    "function_name":"email-sender",
    "execution_time_ms":276,
    "request_id":"req-004-email",
    "status":"SUCCESS"
  },
  {
    "timestamp":"2024-01-15T10:28:15.567Z",
    "function_name":"email-sender",
    "execution_time_ms":421,
    "request_id":"req-005-email",
    "status":"SUCCESS"
  },
  {
    "timestamp":"2024-01-15T10:29:22.890Z",
    "function_name":"email-sender",
    "execution_time_ms":298,
    "request_id":"req-006-email",
    "status":"SUCCESS"
  },
  {
    "timestamp":"2024-01-15T10:30:45.123Z",
    "function_name":"email-sender",
    "execution_time_ms":356,
    "request_id":"req-007-email",
    "status":"SUCCESS"
  },
  {
    "timestamp":"2024-01-15T10:32:18.456Z",
    "function_name":"email-sender",
    "execution_time_ms":267,
    "request_id":"req-008-email",
    "status":"SUCCESS"
  },
  {
    "timestamp":"2024-01-15T10:33:29.789Z",
    "function_name":"email-sender",
    "execution_time_ms":389,
    "request_id":"req-009-email",
    "status":"SUCCESS"
  },
  {
    "timestamp":"2024-01-15T10:35:42.012Z",
    "function_name":"email-sender",
    "execution_time_ms":412,
    "request_id":"req-010-email",
    "status":"SUCCESS"
  },
  {
    "timestamp":"2024-01-15T10:37:15.345Z",
    "function_name":"email-sender",
    "execution_time_ms":334,
    "request_id":"req-011-email",
    "status":"SUCCESS"
  },
  {
    "timestamp":"2024-01-15T10:38:28.678Z",
    "function_name":"email-sender",
    "execution_time_ms":401,
    "request_id":"req-012-email",
    "status":"SUCCESS"
  },
  {
    "timestamp":"2024-01-15T10:40:51.901Z",
    "function_name":"email-sender",
    "execution_time_ms":289,
    "request_id":"req-013-email",
    "status":"SUCCESS"
  },
  {
    "timestamp":"2024-01-15T10:42:14.234Z",
    "function_name":"email-sender",
    "execution_time_ms":367,
    "request_id":"req-014-email",
    "status":"SUCCESS"
  },
  {
    "timestamp":"2024-01-15T10:43:37.567Z",
    "function_name":"email-sender",
    "execution_time_ms":445,
    "request_id":"req-015-email",
    "status":"SUCCESS"
  },
  {
    "timestamp":"2024-01-15T10:45:09.890Z",
    "function_name":"email-sender",
    "execution_time_ms":378,
    "request_id":"req-016-email",
    "status":"SUCCESS"
  },
  {
    "timestamp":"2024-01-15T10:46:52.123Z",
    "function_name":"email-sender",
    "execution_time_ms":423,
    "request_id":"req-017-email",
    "status":"SUCCESS"
  },
  {
    "timestamp":"2024-01-15T10:48:15.456Z",
    "function_name":"email-sender",
    "execution_time_ms":356,
    "request_id":"req-018-email",
    "status":"SUCCESS"
  },
  {
    "timestamp":"2024-01-15T10:49:38.789Z",
    "function_name":"email-sender",
    "execution_time_ms":391,
    "request_id":"req-019-email",
    "status":"SUCCESS"
  },
  {
    "timestamp":"2024-01-15T10:51:01.012Z",
    "function_name":"email-sender",
    "execution_time_ms":467,
    "request_id":"req-020-email",
    "status":"SUCCESS"
  }
]