[
  {
    "timestamp":"2024-01-15T10:23:45Z",
    "function_name":"notification-service",
    "duration_ms":1234,
    "status":"SUCCESS"
  },
  {
    "timestamp":"2024-01-15T10:25:12Z",
    "function_name":"notification-service",
    "duration_ms":1456,
    "status":"SUCCESS"
  },
  {
    "timestamp":"2024-01-15T10:27:33Z",
    "function_name":"notification-service",
    "duration_ms":1389,
    "status":"SUCCESS"
  },
  {
    "timestamp":"2024-01-15T10:29:44Z",
    "function_name":"notification-service",
    "duration_ms":1501,
    "status":"SUCCESS"
  },
  {
    "timestamp":"2024-01-15T10:31:55Z",
    "function_name":"notification-service",
    "duration_ms":1423,
    "status":"SUCCESS"
  },
  {
    "timestamp":"2024-01-15T10:34:06Z",
    "function_name":"notification-service",
    "duration_ms":1378,
    "status":"SUCCESS"
  },
  {
    "timestamp":"2024-01-15T10:36:17Z",
    "function_name":"notification-service",
    "duration_ms":1612,
    "status":"SUCCESS"
  },
  {
    "timestamp":"2024-01-15T10:38:28Z",
    "function_name":"notification-service",
    "duration_ms":1445,
    "status":"SUCCESS"
  },
  {
    "timestamp":"2024-01-15T10:40:39Z",
    "function_name":"notification-service",
    "duration_ms":1523,
    "status":"SUCCESS"
  },
  {
    "timestamp":"2024-01-15T10:42:50Z",
    "function_name":"notification-service",
    "duration_ms":1489,
    "status":"SUCCESS"
  },
  {
    "timestamp":"2024-01-15T10:45:01Z",
    "function_name":"notification-service",
    "duration_ms":1556,
    "status":"SUCCESS"
  },
  {
    "timestamp":"2024-01-15T10:47:12Z",
    "function_name":"notification-service",
    "duration_ms":1467,
    "status":"SUCCESS"
  },
  {
    "timestamp":"2024-01-15T10:49:23Z",
    "function_name":"notification-service",
    "duration_ms":1512,
    "status":"SUCCESS"
  },
  {
    "timestamp":"2024-01-15T10:51:34Z",
    "function_name":"notification-service",
    "duration_ms":1601,
    "status":"SUCCESS"
  },
  {
    "timestamp":"2024-01-15T10:53:45Z",
    "function_name":"notification-service",
    "duration_ms":1478,
    "status":"SUCCESS"
  },
  {
    "timestamp":"2024-01-15T10:55:56Z",
    "function_name":"notification-service",
    "duration_ms":1534,
    "status":"SUCCESS"
  },
  {
    "timestamp":"2024-01-15T10:58:07Z",
    "function_name":"notification-service",
    "duration_ms":1623,
    "status":"SUCCESS"
  },
  {
    "timestamp":"2024-01-15T11:00:18Z",
    "function_name":"notification-service",
    "duration_ms":1490,
    "status":"SUCCESS"
  },
  {
    "timestamp":"2024-01-15T11:02:29Z",
    "function_name":"notification-service",
    "duration_ms":1567,
    "status":"SUCCESS"
  },
  {
    "timestamp":"2024-01-15T11:04:40Z",
    "function_name":"notification-service",
    "duration_ms":1589,
    "status":"SUCCESS"
  },
  {
    "timestamp":"2024-01-15T11:06:51Z",
    "function_name":"data-processor",
    "duration_ms":8934,
    "status":"SUCCESS"
  },
  {
    "timestamp":"2024-01-15T11:09:02Z",
    "function_name":"data-processor",
    "duration_ms":9123,
    "status":"SUCCESS"
  },
  {
    "timestamp":"2024-01-15T11:11:13Z",
    "function_name":"data-processor",
    "duration_ms":8756,
    "status":"SUCCESS"
  },
  {
    "timestamp":"2024-01-15T11:13:24Z",
    "function_name":"data-processor",
    "duration_ms":9345,
    "status":"SUCCESS"
  },
  {
    "timestamp":"2024-01-15T11:15:35Z",
    "function_name":"data-processor",
    "duration_ms":9012,
    "status":"SUCCESS"
  },
  {
    "timestamp":"2024-01-15T11:17:46Z",
    "function_name":"data-processor",
    "duration_ms":8889,
    "status":"SUCCESS"
  },
  {
    "timestamp":"2024-01-15T11:19:57Z",
    "function_name":"data-processor",
    "duration_ms":9456,
    "status":"SUCCESS"
  },
  {
    "timestamp":"2024-01-15T11:22:08Z",
    "function_name":"data-processor",
    "duration_ms":9234,
    "status":"SUCCESS"
  },
  {
    "timestamp":"2024-01-15T11:24:19Z",
    "function_name":"data-processor",
    "duration_ms":9567,
    "status":"SUCCESS"
  },
  {
    "timestamp":"2024-01-15T11:26:30Z",
    "function_name":"data-processor",
    "duration_ms":9101,
    "status":"SUCCESS"
  },
  {
    "timestamp":"2024-01-15T11:28:41Z",
    "function_name":"data-processor",
    "duration_ms":9389,
    "status":"SUCCESS"
  },
  {
    "timestamp":"2024-01-15T11:30:52Z",
    "function_name":"data-processor",
    "duration_ms":9678,
    "status":"SUCCESS"
  },
  {
    "timestamp":"2024-01-15T11:33:03Z",
    "function_name":"data-processor",
    "duration_ms":9245,
    "status":"SUCCESS"
  },
  {
    "timestamp":"2024-01-15T11:35:14Z",
    "function_name":"data-processor",
    "duration_ms":9512,
    "status":"SUCCESS"
  },
  {
    "timestamp":"2024-01-15T11:37:25Z",
    "function_name":"data-processor",
    "duration_ms":9434,
    "status":"SUCCESS"
  },
  {
    "timestamp":"2024-01-15T11:39:36Z",
    "function_name":"data-processor",
    "duration_ms":9789,
    "status":"SUCCESS"
  },
  {
    "timestamp":"2024-01-15T11:41:47Z",
    "function_name":"data-processor",
    "duration_ms":9156,
    "status":"SUCCESS"
  },
  {
    "timestamp":"2024-01-15T11:43:58Z",
    "function_name":"data-processor",
    "duration_ms":9623,
    "status":"SUCCESS"
  },
  {
    "timestamp":"2024-01-15T11:46:09Z",
    "function_name":"data-processor",
    "duration_ms":9367,
    "status":"SUCCESS"
  },
  {
    "timestamp":"2024-01-15T11:48:20Z",
    "function_name":"data-processor",
    "duration_ms":9501,
    "status":"SUCCESS"
  },
  {
    "timestamp":"2024-01-15T11:50:31Z",
    "function_name":"api-gateway",
    "duration_ms":456,
    "status":"SUCCESS"
  },
  {
    "timestamp":"2024-01-15T11:52:42Z",
    "function_name":"api-gateway",
    "duration_ms":523,
    "status":"SUCCESS"
  },
  {
    "timestamp":"2024-01-15T11:54:53Z",
    "function_name":"api-gateway",
    "duration_ms":489,
    "status":"SUCCESS"
  },
  {
    "timestamp":"2024-01-15T11:57:04Z",
    "function_name":"api-gateway",
    "duration_ms":512,
    "status":"SUCCESS"
  },
  {
    "timestamp":"2024-01-15T11:59:15Z",
    "function_name":"api-gateway",
    "duration_ms":478,
    "status":"SUCCESS"
  },
  {
    "timestamp":"2024-01-15T12:01:26Z",
    "function_name":"api-gateway",
    "duration_ms":534,
    "status":"SUCCESS"
  },
  {
    "timestamp":"2024-01-15T12:03:37Z",
    "function_name":"api-gateway",
    "duration_ms":501,
    "status":"SUCCESS"
  },
  {
    "timestamp":"2024-01-15T12:05:48Z",
    "function_name":"api-gateway",
    "duration_ms":467,
    "status":"SUCCESS"
  },
  {
    "timestamp":"2024-01-15T12:07:59Z",
    "function_name":"api-gateway",
    "duration_ms":545,
    "status":"SUCCESS"
  },
  {
    "timestamp":"2024-01-15T12:10:10Z",
    "function_name":"api-gateway",
    "duration_ms":498,
    "status":"SUCCESS"
  },
  {
    "timestamp":"2024-01-15T12:12:21Z",
    "function_name":"api-gateway",
    "duration_ms":523,
    "status":"SUCCESS"
  },
  {
    "timestamp":"2024-01-15T12:14:32Z",
    "function_name":"api-gateway",
    "duration_ms":556,
    "status":"SUCCESS"
  },
  {
    "timestamp":"2024-01-15T12:16:43Z",
    "function_name":"api-gateway",
    "duration_ms":489,
    "status":"SUCCESS"
  },
  {
    "timestamp":"2024-01-15T12:18:54Z",
    "function_name":"api-gateway",
    "duration_ms":512,
    "status":"SUCCESS"
  },
  {
    "timestamp":"2024-01-15T12:21:05Z",
    "function_name":"api-gateway",
    "duration_ms":534,
    "status":"SUCCESS"
  },
  {
    "timestamp":"2024-01-15T12:23:16Z",
    "function_name":"api-gateway",
    "duration_ms":478,
    "status":"SUCCESS"
  },
  {
    "timestamp":"2024-01-15T12:25:27Z",
    "function_name":"api-gateway",
    "duration_ms":567,
    "status":"SUCCESS"
  },
  {
    "timestamp":"2024-01-15T12:27:38Z",
    "function_name":"api-gateway",
    "duration_ms":501,
    "status":"SUCCESS"
  },
  {
    "timestamp":"2024-01-15T12:29:49Z",
    "function_name":"api-gateway",
    "duration_ms":489,
    "status":"SUCCESS"
  },
  {
    "timestamp":"2024-01-15T12:32:00Z",
    "function_name":"api-gateway",
    "duration_ms":523,
    "status":"SUCCESS"
  },
  {
    "timestamp":"2024-01-15T12:34:11Z",
    "function_name":"auth-service",
    "duration_ms":2345,
    "status":"SUCCESS"
  },
  {
    "timestamp":"2024-01-15T12:36:22Z",
    "function_name":"auth-service",
    "duration_ms":2456,
    "status":"SUCCESS"
  },
  {
    "timestamp":"2024-01-15T12:38:33Z",
    "function_name":"auth-service",
    "duration_ms":2389,
    "status":"SUCCESS"
  },
  {
    "timestamp":"2024-01-15T12:40:44Z",
    "function_name":"auth-service",
    "duration_ms":2512,
    "status":"SUCCESS"
  },
  {
    "timestamp":"2024-01-15T12:42:55Z",
    "function_name":"auth-service",
    "duration_ms":2478,
    "status":"SUCCESS"
  },
  {
    "timestamp":"2024-01-15T12:45:06Z",
    "function_name":"auth-service",
    "duration_ms":2567,
    "status":"SUCCESS"
  },
  {
    "timestamp":"2024-01-15T12:47:17Z",
    "function_name":"auth-service",
    "duration_ms":2423,
    "status":"SUCCESS"
  },
  {
    "timestamp":"2024-01-15T12:49:28Z",
    "function_name":"auth-service",
    "duration_ms":2501,
    "status":"SUCCESS"
  },
  {
    "timestamp":"2024-01-15T12:51:39Z",
    "function_name":"auth-service",
    "duration_ms":2634,
    "status":"SUCCESS"
  },
  {
    "timestamp":"2024-01-15T12:53:50Z",
    "function_name":"auth-service",
    "duration_ms":2489,
    "status":"SUCCESS"
  },
  {
    "timestamp":"2024-01-15T12:56:01Z",
    "function_name":"auth-service",
    "duration_ms":2556,
    "status":"SUCCESS"
  },
  {
    "timestamp":"2024-01-15T12:58:12Z",
    "function_name":"auth-service",
    "duration_ms":2612,
    "status":"SUCCESS"
  },
  {
    "timestamp":"2024-01-15T13:00:23Z",
    "function_name":"auth-service",
    "duration_ms":2467,
    "status":"SUCCESS"
  },
  {
    "timestamp":"2024-01-15T13:02:34Z",
    "function_name":"auth-service",
    "duration_ms":2523,
    "status":"SUCCESS"
  },
  {
    "timestamp":"2024-01-15T13:04:45Z",
    "function_name":"auth-service",
    "duration_ms":2589,
    "status":"SUCCESS"
  },
  {
    "timestamp":"2024-01-15T13:06:56Z",
    "function_name":"auth-service",
    "duration_ms":2445,
    "status":"SUCCESS"
  },
  {
    "timestamp":"2024-01-15T13:09:07Z",
    "function_name":"auth-service",
    "duration_ms":2678,
    "status":"SUCCESS"
  },
  {
    "timestamp":"2024-01-15T13:11:18Z",
    "function_name":"auth-service",
    "duration_ms":2534,
    "status":"SUCCESS"
  },
  {
    "timestamp":"2024-01-15T13:13:29Z",
    "function_name":"auth-service",
    "duration_ms":2489,
    "status":"SUCCESS"
  },
  {
    "timestamp":"2024-01-15T13:15:40Z",
    "function_name":"auth-service",
    "duration_ms":2601,
    "status":"SUCCESS"
  }
]