[
  {
    "timestamp":"2024-01-15T08:23:15Z",
    "function_name":"report-generator",
    "execution_time_ms":12340,
    "request_id":"req-a1b2c3d4-0001",
    "status":"success"
  },
  {
    "timestamp":"2024-01-15T08:45:22Z",
    "function_name":"report-generator",
    "execution_time_ms":11890,
    "request_id":"req-a1b2c3d4-0002",
    "status":"success"
  },
  {
    "timestamp":"2024-01-15T09:12:33Z",
    "function_name":"report-generator",
    "execution_time_ms":13120,
    "request_id":"req-a1b2c3d4-0003",
    "status":"success"
  },
  {
    "timestamp":"2024-01-15T09:34:41Z",
    "function_name":"report-generator",
    "execution_time_ms":12670,
    "request_id":"req-a1b2c3d4-0004",
    "status":"success"
  },
  {
    "timestamp":"2024-01-15T10:08:19Z",
    "function_name":"report-generator",
    "execution_time_ms":14230,
    "request_id":"req-a1b2c3d4-0005",
    "status":"success"
  },
  {
    "timestamp":"2024-01-15T10:29:47Z",
    "function_name":"report-generator",
    "execution_time_ms":13890,
    "request_id":"req-a1b2c3d4-0006",
    "status":"success"
  },
  {
    "timestamp":"2024-01-15T11:15:28Z",
    "function_name":"report-generator",
    "execution_time_ms":12980,
    "request_id":"req-a1b2c3d4-0007",
    "status":"success"
  },
  {
    "timestamp":"2024-01-15T11:42:36Z",
    "function_name":"report-generator",
    "execution_time_ms":15120,
    "request_id":"req-a1b2c3d4-0008",
    "status":"timeout"
  },
  {
    "timestamp":"2024-01-15T12:18:52Z",
    "function_name":"report-generator",
    "execution_time_ms":13450,
    "request_id":"req-a1b2c3d4-0009",
    "status":"success"
  },
  {
    "timestamp":"2024-01-15T12:56:14Z",
    "function_name":"report-generator",
    "execution_time_ms":14670,
    "request_id":"req-a1b2c3d4-0010",
    "status":"success"
  },
  {
    "timestamp":"2024-01-15T13:21:39Z",
    "function_name":"report-generator",
    "execution_time_ms":12120,
    "request_id":"req-a1b2c3d4-0011",
    "status":"success"
  },
  {
    "timestamp":"2024-01-15T13:48:27Z",
    "function_name":"report-generator",
    "execution_time_ms":13780,
    "request_id":"req-a1b2c3d4-0012",
    "status":"success"
  },
  {
    "timestamp":"2024-01-15T14:15:43Z",
    "function_name":"report-generator",
    "execution_time_ms":14890,
    "request_id":"req-a1b2c3d4-0013",
    "status":"success"
  },
  {
    "timestamp":"2024-01-15T14:39:58Z",
    "function_name":"report-generator",
    "execution_time_ms":13340,
    "request_id":"req-a1b2c3d4-0014",
    "status":"success"
  },
  {
    "timestamp":"2024-01-15T15:07:22Z",
    "function_name":"report-generator",
    "execution_time_ms":12560,
    "request_id":"req-a1b2c3d4-0015",
    "status":"success"
  },
  {
    "timestamp":"2024-01-15T15:33:41Z",
    "function_name":"report-generator",
    "execution_time_ms":14120,
    "request_id":"req-a1b2c3d4-0016",
    "status":"success"
  },
  {
    "timestamp":"2024-01-15T16:02:19Z",
    "function_name":"report-generator",
    "execution_time_ms":13670,
    "request_id":"req-a1b2c3d4-0017",
    "status":"success"
  },
  {
    "timestamp":"2024-01-15T16:28:35Z",
    "function_name":"report-generator",
    "execution_time_ms":14450,
    "request_id":"req-a1b2c3d4-0018",
    "status":"success"
  },
  {
    "timestamp":"2024-01-15T16:54:47Z",
    "function_name":"report-generator",
    "execution_time_ms":12890,
    "request_id":"req-a1b2c3d4-0019",
    "status":"success"
  },
  {
    "timestamp":"2024-01-15T17:19:33Z",
    "function_name":"report-generator",
    "execution_time_ms":13980,
    "request_id":"req-a1b2c3d4-0020",
    "status":"success"
  },
  {
    "timestamp":"2024-01-15T08:31:12Z",
    "function_name":"data-processor",
    "execution_time_ms":2340,
    "request_id":"req-b2c3d4e5-0001",
    "status":"success"
  },
  {
    "timestamp":"2024-01-15T08:52:28Z",
    "function_name":"data-processor",
    "execution_time_ms":2180,
    "request_id":"req-b2c3d4e5-0002",
    "status":"success"
  },
  {
    "timestamp":"2024-01-15T09:18:45Z",
    "function_name":"data-processor",
    "execution_time_ms":2450,
    "request_id":"req-b2c3d4e5-0003",
    "status":"success"
  },
  {
    "timestamp":"2024-01-15T09:43:19Z",
    "function_name":"data-processor",
    "execution_time_ms":2290,
    "request_id":"req-b2c3d4e5-0004",
    "status":"success"
  },
  {
    "timestamp":"2024-01-15T10:14:37Z",
    "function_name":"data-processor",
    "execution_time_ms":2520,
    "request_id":"req-b2c3d4e5-0005",
    "status":"success"
  },
  {
    "timestamp":"2024-01-15T10:38:52Z",
    "function_name":"data-processor",
    "execution_time_ms":2370,
    "request_id":"req-b2c3d4e5-0006",
    "status":"success"
  },
  {
    "timestamp":"2024-01-15T11:09:14Z",
    "function_name":"data-processor",
    "execution_time_ms":2210,
    "request_id":"req-b2c3d4e5-0007",
    "status":"success"
  },
  {
    "timestamp":"2024-01-15T11:35:29Z",
    "function_name":"data-processor",
    "execution_time_ms":2480,
    "request_id":"req-b2c3d4e5-0008",
    "status":"success"
  },
  {
    "timestamp":"2024-01-15T12:07:43Z",
    "function_name":"data-processor",
    "execution_time_ms":2330,
    "request_id":"req-b2c3d4e5-0009",
    "status":"success"
  },
  {
    "timestamp":"2024-01-15T12:41:56Z",
    "function_name":"data-processor",
    "execution_time_ms":2560,
    "request_id":"req-b2c3d4e5-0010",
    "status":"success"
  },
  {
    "timestamp":"2024-01-15T13:12:18Z",
    "function_name":"data-processor",
    "execution_time_ms":2190,
    "request_id":"req-b2c3d4e5-0011",
    "status":"success"
  },
  {
    "timestamp":"2024-01-15T13:39:47Z",
    "function_name":"data-processor",
    "execution_time_ms":2410,
    "request_id":"req-b2c3d4e5-0012",
    "status":"success"
  },
  {
    "timestamp":"2024-01-15T14:08:23Z",
    "function_name":"data-processor",
    "execution_time_ms":2490,
    "request_id":"req-b2c3d4e5-0013",
    "status":"success"
  },
  {
    "timestamp":"2024-01-15T14:36:51Z",
    "function_name":"data-processor",
    "execution_time_ms":2270,
    "request_id":"req-b2c3d4e5-0014",
    "status":"success"
  },
  {
    "timestamp":"2024-01-15T15:02:14Z",
    "function_name":"data-processor",
    "execution_time_ms":2350,
    "request_id":"req-b2c3d4e5-0015",
    "status":"success"
  },
  {
    "timestamp":"2024-01-15T15:28:39Z",
    "function_name":"data-processor",
    "execution_time_ms":2540,
    "request_id":"req-b2c3d4e5-0016",
    "status":"success"
  },
  {
    "timestamp":"2024-01-15T15:57:22Z",
    "function_name":"data-processor",
    "execution_time_ms":2220,
    "request_id":"req-b2c3d4e5-0017",
    "status":"success"
  },
  {
    "timestamp":"2024-01-15T16:24:46Z",
    "function_name":"data-processor",
    "execution_time_ms":2460,
    "request_id":"req-b2c3d4e5-0018",
    "status":"success"
  },
  {
    "timestamp":"2024-01-15T16:49:13Z",
    "function_name":"data-processor",
    "execution_time_ms":2380,
    "request_id":"req-b2c3d4e5-0019",
    "status":"success"
  },
  {
    "timestamp":"2024-01-15T17:16:28Z",
    "function_name":"data-processor",
    "execution_time_ms":2510,
    "request_id":"req-b2c3d4e5-0020",
    "status":"success"
  },
  {
    "timestamp":"2024-01-15T08:27:34Z",
    "function_name":"image-optimizer",
    "execution_time_ms":45230,
    "request_id":"req-c3d4e5f6-0001",
    "status":"success"
  },
  {
    "timestamp":"2024-01-15T09:03:47Z",
    "function_name":"image-optimizer",
    "execution_time_ms":48670,
    "request_id":"req-c3d4e5f6-0002",
    "status":"success"
  },
  {
    "timestamp":"2024-01-15T09:38:19Z",
    "function_name":"image-optimizer",
    "execution_time_ms":52340,
    "request_id":"req-c3d4e5f6-0003",
    "status":"success"
  },
  {
    "timestamp":"2024-01-15T10:19:52Z",
    "function_name":"image-optimizer",
    "execution_time_ms":49880,
    "request_id":"req-c3d4e5f6-0004",
    "status":"success"
  },
  {
    "timestamp":"2024-01-15T10:58:14Z",
    "function_name":"image-optimizer",
    "execution_time_ms":51290,
    "request_id":"req-c3d4e5f6-0005",
    "status":"success"
  },
  {
    "timestamp":"2024-01-15T11:37:29Z",
    "function_name":"image-optimizer",
    "execution_time_ms":47560,
    "request_id":"req-c3d4e5f6-0006",
    "status":"success"
  },
  {
    "timestamp":"2024-01-15T12:14:43Z",
    "function_name":"image-optimizer",
    "execution_time_ms":53120,
    "request_id":"req-c3d4e5f6-0007",
    "status":"success"
  },
  {
    "timestamp":"2024-01-15T12:53:18Z",
    "function_name":"image-optimizer",
    "execution_time_ms":50430,
    "request_id":"req-c3d4e5f6-0008",
    "status":"success"
  },
  {
    "timestamp":"2024-01-15T13:29:47Z",
    "function_name":"image-optimizer",
    "execution_time_ms":48990,
    "request_id":"req-c3d4e5f6-0009",
    "status":"success"
  },
  {
    "timestamp":"2024-01-15T14:07:22Z",
    "function_name":"image-optimizer",
    "execution_time_ms":54670,
    "request_id":"req-c3d4e5f6-0010",
    "status":"success"
  },
  {
    "timestamp":"2024-01-15T14:46:38Z",
    "function_name":"image-optimizer",
    "execution_time_ms":46780,
    "request_id":"req-c3d4e5f6-0011",
    "status":"success"
  },
  {
    "timestamp":"2024-01-15T15:23:51Z",
    "function_name":"image-optimizer",
    "execution_time_ms":52890,
    "request_id":"req-c3d4e5f6-0012",
    "status":"success"
  },
  {
    "timestamp":"2024-01-15T16:01:14Z",
    "function_name":"image-optimizer",
    "execution_time_ms":49230,
    "request_id":"req-c3d4e5f6-0013",
    "status":"success"
  },
  {
    "timestamp":"2024-01-15T16:39:27Z",
    "function_name":"image-optimizer",
    "execution_time_ms":51560,
    "request_id":"req-c3d4e5f6-0014",
    "status":"success"
  },
  {
    "timestamp":"2024-01-15T17:18:42Z",
    "function_name":"image-optimizer",
    "execution_time_ms":48120,
    "request_id":"req-c3d4e5f6-0015",
    "status":"success"
  },
  {
    "timestamp":"2024-01-15T08:19:23Z",
    "function_name":"email-notifier",
    "execution_time_ms":890,
    "request_id":"req-d4e5f6g7-0001",
    "status":"success"
  },
  {
    "timestamp":"2024-01-15T08:47:38Z",
    "function_name":"email-notifier",
    "execution_time_ms":920,
    "request_id":"req-d4e5f6g7-0002",
    "status":"success"
  },
  {
    "timestamp":"2024-01-15T09:21:52Z",
    "function_name":"email-notifier",
    "execution_time_ms":1050,
    "request_id":"req-d4e5f6g7-0003",
    "status":"success"
  },
  {
    "timestamp":"2024-01-15T09:56:14Z",
    "function_name":"email-notifier",
    "execution_time_ms":980,
    "request_id":"req-d4e5f6g7-0004",
    "status":"success"
  },
  {
    "timestamp":"2024-01-15T10:32:29Z",
    "function_name":"email-notifier",
    "execution_time_ms":1120,
    "request_id":"req-d4e5f6g7-0005",
    "status":"success"
  },
  {
    "timestamp":"2024-01-15T11:08:43Z",
    "function_name":"email-notifier",
    "execution_time_ms":870,
    "request_id":"req-d4e5f6g7-0006",
    "status":"success"
  },
  {
    "timestamp":"2024-01-15T11:44:58Z",
    "function_name":"email-notifier",
    "execution_time_ms":1030,
    "request_id":"req-d4e5f6g7-0007",
    "status":"success"
  },
  {
    "timestamp":"2024-01-15T12:23:17Z",
    "function_name":"email-notifier",
    "execution_time_ms":940,
    "request_id":"req-d4e5f6g7-0008",
    "status":"success"
  },
  {
    "timestamp":"2024-01-15T13:01:34Z",
    "function_name":"email-notifier",
    "execution_time_ms":1090,
    "request_id":"req-d4e5f6g7-0009",
    "status":"success"
  },
  {
    "timestamp":"2024-01-15T13:38:49Z",
    "function_name":"email-notifier",
    "execution_time_ms":910,
    "request_id":"req-d4e5f6g7-0010",
    "status":"success"
  },
  {
    "timestamp":"2024-01-15T14:17:23Z",
    "function_name":"email-notifier",
    "execution_time_ms":1010,
    "request_id":"req-d4e5f6g7-0011",
    "status":"success"
  },
  {
    "timestamp":"2024-01-15T14:52:38Z",
    "function_name":"email-notifier",
    "execution_time_ms":960,
    "request_id":"req-d4e5f6g7-0012",
    "status":"success"
  },
  {
    "timestamp":"2024-01-15T15:29:51Z",
    "function_name":"email-notifier",
    "execution_time_ms":1070,
    "request_id":"req-d4e5f6g7-0013",
    "status":"success"
  },
  {
    "timestamp":"2024-01-15T16:08:14Z",
    "function_name":"email-notifier",
    "execution_time_ms":930,
    "request_id":"req-d4e5f6g7-0014",
    "status":"success"
  },
  {
    "timestamp":"2024-01-15T16:43:27Z",
    "function_name":"email-notifier",
    "execution_time_ms":1040,
    "request_id":"req-d4e5f6g7-0015",
    "status":"success"
  },
  {
    "timestamp":"2024-01-15T17:21:42Z",
    "function_name":"email-notifier",
    "execution_time_ms":890,
    "request_id":"req-d4e5f6g7-0016",
    "status":"success"
  },
  {
    "timestamp":"2024-01-15T08:25:17Z",
    "function_name":"api-gateway",
    "execution_time_ms":1230,
    "request_id":"req-e5f6g7h8-0001",
    "status":"success"
  },
  {
    "timestamp":"2024-01-15T08:51:34Z",
    "function_name":"api-gateway",
    "execution_time_ms":1340,
    "request_id":"req-e5f6g7h8-0002",
    "status":"success"
  },
  {
    "timestamp":"2024-01-15T09:26:48Z",
    "function_name":"api-gateway",
    "execution_time_ms":1190,
    "request_id":"req-e5f6g7h8-0003",
    "status":"success"
  },
  {
    "timestamp":"2024-01-15T10:02:19Z",
    "function_name":"api-gateway",
    "execution_time_ms":1410,
    "request_id":"req-e5f6g7h8-0004",
    "status":"success"
  },
  {
    "timestamp":"2024-01-15T10:38:52Z",
    "function_name":"api-gateway",
    "execution_time_ms":1280,
    "request_id":"req-e5f6g7h8-0005",
    "status":"success"
  },
  {
    "timestamp":"2024-01-15T11:17:23Z",
    "function_name":"api-gateway",
    "execution_time_ms":1360,
    "request_id":"req-e5f6g7h8-0006",
    "status":"success"
  },
  {
    "timestamp":"2024-01-15T11:54:47Z",
    "function_name":"api-gateway",
    "execution_time_ms":1220,
    "request_id":"req-e5f6g7h8-0007",
    "status":"success"
  },
  {
    "timestamp":"2024-01-15T12:31:14Z",
    "function_name":"api-gateway",
    "execution_time_ms":1450,
    "request_id":"req-e5f6g7h8-0008",
    "status":"success"
  },
  {
    "timestamp":"2024-01-15T13:09:38Z",
    "function_name":"api-gateway",
    "execution_time_ms":1310,
    "request_id":"req-e5f6g7h8-0009",
    "status":"success"
  },
  {
    "timestamp":"2024-01-15T13:47:52Z",
    "function_name":"api-gateway",
    "execution_time_ms":1380,
    "request_id":"req-e5f6g7h8-0010",
    "status":"success"
  },
  {
    "timestamp":"2024-01-15T14:24:17Z",
    "function_name":"api-gateway",
    "execution_time_ms":1240,
    "request_id":"req-e5f6g7h8-0011",
    "status":"success"
  },
  {
    "timestamp":"2024-01-15T15:01:43Z",
    "function_name":"api-gateway",
    "execution_time_ms":1490,
    "request_id":"req-e5f6g7h8-0012",
    "status":"success"
  },
  {
    "timestamp":"2024-01-15T15:39:28Z",
    "function_name":"api-gateway",
    "execution_time_ms":1270,
    "request_id":"req-e5f6g7h8-0013",
    "status":"success"
  },
  {
    "timestamp":"2024-01-15T16:18:51Z",
    "function_name":"api-gateway",
    "execution_time_ms":1420,
    "request_id":"req-e5f6g7h8-0014",
    "status":"success"
  },
  {
    "timestamp":"2024-01-15T16:56:14Z",
    "function_name":"api-gateway",
    "execution_time_ms":1330,
    "request_id":"req-e5f6g7h8-0015",
    "status":"success"
  },
  {
    "timestamp":"2024-01-15T17:34:29Z",
    "function_name":"api-gateway",
    "execution_time_ms":1260,
    "request_id":"req-e5f6g7h8-0016",
    "status":"success"
  }
]