[
  {
    "operation_id":"op1",
    "M":64,
    "N":64,
    "K":64
  },
  {
    "operation_id":"op2",
    "M":128,
    "N":128,
    "K":128
  },
  {
    "operation_id":"op3",
    "M":100,
    "N":64,
    "K":64
  },
  {
    "operation_id":"op4",
    "M":48,
    "N":32,
    "K":80
  },
  {
    "operation_id":"op5",
    "M":256,
    "N":256,
    "K":256
  },
  {
    "operation_id":"op6",
    "M":80,
    "N":96,
    "K":112
  },
  {
    "operation_id":"op7",
    "M":64,
    "N":50,
    "K":64
  },
  {
    "operation_id":"op8",
    "M":144,
    "N":144,
    "K":144
  },
  {
    "operation_id":"op9",
    "M":17,
    "N":32,
    "K":48
  },
  {
    "operation_id":"op10",
    "M":192,
    "N":192,
    "K":192
  },
  {
    "operation_id":"op11",
    "M":64,
    "N":64,
    "K":70
  },
  {
    "operation_id":"op12",
    "M":33,
    "N":33,
    "K":33
  },
  {
    "operation_id":"op13",
    "M":160,
    "N":160,
    "K":160
  },
  {
    "operation_id":"op14",
    "M":512,
    "N":512,
    "K":512
  },
  {
    "operation_id":"op15",
    "M":90,
    "N":128,
    "K":64
  }
]