[
  {
    "id":"config_1",
    "original_format":"RGBA8",
    "view_format":"RGBA8_SNORM",
    "description":"8-bit RGBA formats in same compatibility class"
  },
  {
    "id":"config_2",
    "original_format":"RGBA8",
    "view_format":"RGBA16",
    "description":"Different bit depths - incompatible"
  },
  {
    "id":"config_3",
    "original_format":"RGBA32F",
    "view_format":"RGBA32UI",
    "description":"32-bit RGBA formats in same compatibility class"
  },
  {
    "id":"config_4",
    "original_format":"RGBA32F",
    "view_format":"RGBA32I",
    "description":"32-bit RGBA formats in same compatibility class"
  },
  {
    "id":"config_5",
    "original_format":"RGBA32UI",
    "view_format":"RGBA32I",
    "description":"32-bit RGBA integer formats in same compatibility class"
  },
  {
    "id":"config_6",
    "original_format":"RGB10_A2",
    "view_format":"RGB10_A2UI",
    "description":"10-10-10-2 formats in same compatibility class"
  },
  {
    "id":"config_7",
    "original_format":"RGBA8",
    "view_format":"RGB8",
    "description":"Different number of components - incompatible"
  },
  {
    "id":"config_8",
    "original_format":"RGBA16F",
    "view_format":"RGBA16",
    "description":"16-bit RGBA formats in same compatibility class"
  },
  {
    "id":"config_9",
    "original_format":"RGBA16F",
    "view_format":"RGBA16UI",
    "description":"16-bit RGBA formats in same compatibility class"
  },
  {
    "id":"config_10",
    "original_format":"RGBA16F",
    "view_format":"RGBA16I",
    "description":"16-bit RGBA formats in same compatibility class"
  },
  {
    "id":"config_11",
    "original_format":"RGBA32F",
    "view_format":"RGBA16F",
    "description":"Different bit depths - incompatible"
  },
  {
    "id":"config_12",
    "original_format":"RG8",
    "view_format":"RG8UI",
    "description":"8-bit RG formats in same compatibility class"
  },
  {
    "id":"config_13",
    "original_format":"RG8",
    "view_format":"RG8I",
    "description":"8-bit RG formats in same compatibility class"
  },
  {
    "id":"config_14",
    "original_format":"RG8",
    "view_format":"RG8_SNORM",
    "description":"8-bit RG formats in same compatibility class"
  },
  {
    "id":"config_15",
    "original_format":"R8",
    "view_format":"R8UI",
    "description":"8-bit R formats in same compatibility class"
  },
  {
    "id":"config_16",
    "original_format":"R8",
    "view_format":"R8I",
    "description":"8-bit R formats in same compatibility class"
  },
  {
    "id":"config_17",
    "original_format":"RGBA8",
    "view_format":"SRGB8_ALPHA8",
    "description":"Linear vs sRGB - incompatible"
  },
  {
    "id":"config_18",
    "original_format":"RGB8",
    "view_format":"RGB8UI",
    "description":"8-bit RGB formats in same compatibility class"
  },
  {
    "id":"config_19",
    "original_format":"DEPTH_COMPONENT24",
    "view_format":"DEPTH_COMPONENT32F",
    "description":"Different depth formats - incompatible"
  },
  {
    "id":"config_20",
    "original_format":"RGBA16",
    "view_format":"RGBA16UI",
    "description":"16-bit RGBA formats in same compatibility class"
  }
]