[
  {
    "shard_id":"shard-000001",
    "incoming_records":145000,
    "incoming_bytes":580000000,
    "traffic_percentage":38.5,
    "throttled_records":1250,
    "iterator_age_milliseconds":3500,
    "hash_key_start":"0",
    "hash_key_end":"85070591730234615865843651857942052862"
  },
  {
    "shard_id":"shard-000002",
    "incoming_records":132000,
    "incoming_bytes":528000000,
    "traffic_percentage":35.2,
    "throttled_records":890,
    "iterator_age_milliseconds":3100,
    "hash_key_start":"85070591730234615865843651857942052863",
    "hash_key_end":"170141183460469231731687303715884105727"
  },
  {
    "shard_id":"shard-000003",
    "incoming_records":58000,
    "incoming_bytes":232000000,
    "traffic_percentage":15.4,
    "throttled_records":0,
    "iterator_age_milliseconds":800,
    "hash_key_start":"170141183460469231731687303715884105728",
    "hash_key_end":"255211775190703847597530955573826158591"
  },
  {
    "shard_id":"shard-000004",
    "incoming_records":40000,
    "incoming_bytes":160000000,
    "traffic_percentage":10.9,
    "throttled_records":0,
    "iterator_age_milliseconds":650,
    "hash_key_start":"255211775190703847597530955573826158592",
    "hash_key_end":"340282366920938463463374607431768211455"
  }
]