[
  {
    "shard_id":"shard-000002",
    "hash_key_start":"85070591730234615865843651857942052863",
    "hash_key_end":"170141183460469231731687303715884105727",
    "traffic_percentage":35.2,
    "hot_partition_keys":"customer-region-eu-west",
    "avg_record_size_bytes":4000,
    "peak_records_per_second":2200,
    "recommendation":"SPLIT_REQUIRED"
  },
  {
    "shard_id":"shard-000003",
    "hash_key_start":"170141183460469231731687303715884105728",
    "hash_key_end":"255211775190703847597530955573826158592",
    "traffic_percentage":15.4,
    "hot_partition_keys":null,
    "avg_record_size_bytes":4000,
    "peak_records_per_second":967,
    "recommendation":"NO_ACTION"
  },
  {
    "shard_id":"shard-000004",
    "hash_key_start":"255211775190703847597530955573826158593",
    "hash_key_end":"340282366920938463463374607431768211455",
    "traffic_percentage":10.9,
    "hot_partition_keys":null,
    "avg_record_size_bytes":4000,
    "peak_records_per_second":667,
    "recommendation":"NO_ACTION"
  }
]