[
  {
    "shard_id":"shard-000001",
    "traffic_percentage":18.5,
    "records_per_second":1850,
    "bytes_per_second":925000,
    "iterator_age_ms":450,
    "status":"OPEN"
  },
  {
    "shard_id":"shard-000002",
    "traffic_percentage":42.3,
    "records_per_second":4230,
    "bytes_per_second":2115000,
    "iterator_age_ms":1850,
    "status":"OPEN"
  },
  {
    "shard_id":"shard-000003",
    "traffic_percentage":23.7,
    "records_per_second":2370,
    "bytes_per_second":1185000,
    "iterator_age_ms":780,
    "status":"OPEN"
  },
  {
    "shard_id":"shard-000004",
    "traffic_percentage":15.5,
    "records_per_second":1550,
    "bytes_per_second":775000,
    "iterator_age_ms":320,
    "status":"OPEN"
  }
]