[
  {
    "shard_id":"shardId-000000000000",
    "starting_hash_key":"0",
    "ending_hash_key":"85070591730234615865843651857942052862",
    "current_traffic_percentage":42.5,
    "records_per_second":8500,
    "avg_record_size_kb":1.2,
    "status":"OPEN"
  },
  {
    "shard_id":"shardId-000000000001",
    "starting_hash_key":"85070591730234615865843651857942052863",
    "ending_hash_key":"170141183460469231731687303715884105726",
    "current_traffic_percentage":28.3,
    "records_per_second":5660,
    "avg_record_size_kb":1.1,
    "status":"OPEN"
  },
  {
    "shard_id":"shardId-000000000002",
    "starting_hash_key":"170141183460469231731687303715884105727",
    "ending_hash_key":"255211775190703847597530955573826158590",
    "current_traffic_percentage":18.7,
    "records_per_second":3740,
    "avg_record_size_kb":1.3,
    "status":"OPEN"
  },
  {
    "shard_id":"shardId-000000000003",
    "starting_hash_key":"255211775190703847597530955573826158591",
    "ending_hash_key":"340282366920938463463374607431768211455",
    "current_traffic_percentage":10.5,
    "records_per_second":2100,
    "avg_record_size_kb":1.0,
    "status":"OPEN"
  }
]