[
  {
    "id":"txn_1A2b3C4d5E6f7G8h",
    "amount":15000,
    "fee":465,
    "net":14535,
    "type":"charge",
    "status":"available",
    "payout":"po_1X2y3Z4w5V6u7T8s",
    "created":1704067890
  },
  {
    "id":"txn_2B3c4D5e6F7g8H9i",
    "amount":8500,
    "fee":277,
    "net":8223,
    "type":"charge",
    "status":"available",
    "payout":"po_1X2y3Z4w5V6u7T8s",
    "created":1704068123
  },
  {
    "id":"txn_3C4d5E6f7G8h9I0j",
    "amount":22000,
    "fee":670,
    "net":21330,
    "type":"charge",
    "status":"available",
    "payout":"po_1X2y3Z4w5V6u7T8s",
    "created":1704069456
  },
  {
    "id":"txn_4D5e6F7g8H9i0J1k",
    "amount":12500,
    "fee":393,
    "net":12107,
    "type":"charge",
    "status":"available",
    "payout":"po_2Y3z4A5x6W7v8U9t",
    "created":1704070789
  },
  {
    "id":"txn_5E6f7G8h9I0j1K2l",
    "amount":30000,
    "fee":900,
    "net":29100,
    "type":"charge",
    "status":"available",
    "payout":"po_2Y3z4A5x6W7v8U9t",
    "created":1704072123
  },
  {
    "id":"txn_6F7g8H9i0J1k2L3m",
    "amount":18750,
    "fee":593,
    "net":18157,
    "type":"charge",
    "status":"available",
    "payout":"po_2Y3z4A5x6W7v8U9t",
    "created":1704073456
  },
  {
    "id":"txn_7G8h9I0j1K2l3M4n",
    "amount":9500,
    "fee":315,
    "net":9185,
    "type":"charge",
    "status":"available",
    "payout":"po_3Z4a5B6y7X8w9V0u",
    "created":1704074789
  },
  {
    "id":"txn_8H9i0J1k2L3m4N5o",
    "amount":45000,
    "fee":1335,
    "net":43665,
    "type":"charge",
    "status":"available",
    "payout":"po_3Z4a5B6y7X8w9V0u",
    "created":1704076123
  },
  {
    "id":"txn_9I0j1K2l3M4n5O6p",
    "amount":7800,
    "fee":264,
    "net":7536,
    "type":"charge",
    "status":"available",
    "payout":"po_3Z4a5B6y7X8w9V0u",
    "created":1704077456
  },
  {
    "id":"txn_0J1k2L3m4N5o6P7q",
    "amount":25000,
    "fee":755,
    "net":24245,
    "type":"charge",
    "status":"available",
    "payout":"po_4A5b6C7z8Y9x0W1v",
    "created":1704078789
  },
  {
    "id":"txn_1K2l3M4n5O6p7Q8r",
    "amount":11000,
    "fee":350,
    "net":10650,
    "type":"charge",
    "status":"available",
    "payout":"po_4A5b6C7z8Y9x0W1v",
    "created":1704080123
  },
  {
    "id":"txn_2L3m4N5o6P7q8R9s",
    "amount":16500,
    "fee":525,
    "net":15975,
    "type":"charge",
    "status":"available",
    "payout":"po_4A5b6C7z8Y9x0W1v",
    "created":1704081456
  },
  {
    "id":"txn_3M4n5O6p7Q8r9S0t",
    "amount":33000,
    "fee":1020,
    "net":31980,
    "type":"charge",
    "status":"available",
    "payout":"po_5B6c7D8a9Z0y1X2w",
    "created":1704082789
  },
  {
    "id":"txn_4N5o6P7q8R9s0T1u",
    "amount":14200,
    "fee":456,
    "net":13744,
    "type":"charge",
    "status":"available",
    "payout":"po_5B6c7D8a9Z0y1X2w",
    "created":1704084123
  },
  {
    "id":"txn_5O6p7Q8r9S0t1U2v",
    "amount":8900,
    "fee":297,
    "net":8603,
    "type":"charge",
    "status":"available",
    "payout":"po_5B6c7D8a9Z0y1X2w",
    "created":1704085456
  },
  {
    "id":"txn_6P7q8R9s0T1u2V3w",
    "amount":19500,
    "fee":615,
    "net":18885,
    "type":"charge",
    "status":"available",
    "payout":"po_6C7d8E9b0A1z2Y3x",
    "created":1704086789
  },
  {
    "id":"txn_7Q8r9S0t1U2v3W4x",
    "amount":27500,
    "fee":855,
    "net":26645,
    "type":"charge",
    "status":"available",
    "payout":"po_6C7d8E9b0A1z2Y3x",
    "created":1704088123
  },
  {
    "id":"txn_8R9s0T1u2V3w4X5y",
    "amount":10500,
    "fee":345,
    "net":10155,
    "type":"charge",
    "status":"available",
    "payout":"po_6C7d8E9b0A1z2Y3x",
    "created":1704089456
  },
  {
    "id":"txn_9S0t1U2v3W4x5Y6z",
    "amount":35000,
    "fee":1080,
    "net":33920,
    "type":"charge",
    "status":"available",
    "payout":"po_7D8e9F0c1B2a3Z4y",
    "created":1704090789
  },
  {
    "id":"txn_0T1u2V3w4X5y6Z7a",
    "amount":13500,
    "fee":435,
    "net":13065,
    "type":"charge",
    "status":"available",
    "payout":"po_7D8e9F0c1B2a3Z4y",
    "created":1704092123
  },
  {
    "id":"txn_1U2v3W4x5Y6z7A8b",
    "amount":21000,
    "fee":660,
    "net":20340,
    "type":"charge",
    "status":"available",
    "payout":"po_7D8e9F0c1B2a3Z4y",
    "created":1704093456
  },
  {
    "id":"txn_2V3w4X5y6Z7a8B9c",
    "amount":9200,
    "fee":306,
    "net":8894,
    "type":"charge",
    "status":"available",
    "payout":"po_8E9f0G1d2C3b4A5z",
    "created":1704094789
  },
  {
    "id":"txn_3W4x5Y6z7A8b9C0d",
    "amount":17800,
    "fee":564,
    "net":17236,
    "type":"charge",
    "status":"available",
    "payout":"po_8E9f0G1d2C3b4A5z",
    "created":1704096123
  },
  {
    "id":"txn_4X5y6Z7a8B9c0D1e",
    "amount":24500,
    "fee":765,
    "net":23735,
    "type":"charge",
    "status":"available",
    "payout":"po_8E9f0G1d2C3b4A5z",
    "created":1704097456
  },
  {
    "id":"txn_5Y6z7A8b9C0d1E2f",
    "amount":12800,
    "fee":414,
    "net":12386,
    "type":"charge",
    "status":"available",
    "payout":"po_9F0g1H2e3D4c5B6a",
    "created":1704098789
  },
  {
    "id":"txn_6Z7a8B9c0D1e2F3g",
    "amount":38000,
    "fee":1170,
    "net":36830,
    "type":"charge",
    "status":"available",
    "payout":"po_9F0g1H2e3D4c5B6a",
    "created":1704100123
  },
  {
    "id":"txn_7A8b9C0d1E2f3G4h",
    "amount":15800,
    "fee":504,
    "net":15296,
    "type":"charge",
    "status":"available",
    "payout":"po_9F0g1H2e3D4c5B6a",
    "created":1704101456
  },
  {
    "id":"txn_8B9c0D1e2F3g4H5i",
    "amount":8700,
    "fee":291,
    "net":8409,
    "type":"charge",
    "status":"available",
    "payout":"po_0G1h2I3f4E5d6C7b",
    "created":1704102789
  },
  {
    "id":"txn_9C0d1E2f3G4h5I6j",
    "amount":29000,
    "fee":900,
    "net":28100,
    "type":"charge",
    "status":"available",
    "payout":"po_0G1h2I3f4E5d6C7b",
    "created":1704104123
  },
  {
    "id":"txn_0D1e2F3g4H5i6J7k",
    "amount":11500,
    "fee":375,
    "net":11125,
    "type":"charge",
    "status":"available",
    "payout":"po_0G1h2I3f4E5d6C7b",
    "created":1704105456
  },
  {
    "id":"txn_1E2f3G4h5I6j7K8l",
    "amount":20500,
    "fee":645,
    "net":19855,
    "type":"charge",
    "status":"available",
    "payout":"po_1H2i3J4g5F6e7D8c",
    "created":1704106789
  },
  {
    "id":"txn_2F3g4H5i6J7k8L9m",
    "amount":14800,
    "fee":474,
    "net":14326,
    "type":"charge",
    "status":"available",
    "payout":"po_1H2i3J4g5F6e7D8c",
    "created":1704108123
  },
  {
    "id":"txn_3G4h5I6j7K8l9M0n",
    "amount":32000,
    "fee":990,
    "net":31010,
    "type":"charge",
    "status":"available",
    "payout":"po_1H2i3J4g5F6e7D8c",
    "created":1704109456
  },
  {
    "id":"txn_4H5i6J7k8L9m0N1o",
    "amount":9800,
    "fee":324,
    "net":9476,
    "type":"charge",
    "status":"available",
    "payout":"po_2I3j4K5h6G7f8E9d",
    "created":1704110789
  },
  {
    "id":"txn_5I6j7K8l9M0n1O2p",
    "amount":18200,
    "fee":576,
    "net":17624,
    "type":"charge",
    "status":"available",
    "payout":"po_2I3j4K5h6G7f8E9d",
    "created":1704112123
  },
  {
    "id":"txn_6J7k8L9m0N1o2P3q",
    "amount":26500,
    "fee":825,
    "net":25675,
    "type":"charge",
    "status":"available",
    "payout":"po_2I3j4K5h6G7f8E9d",
    "created":1704113456
  },
  {
    "id":"txn_7K8l9M0n1O2p3Q4r",
    "amount":13200,
    "fee":426,
    "net":12774,
    "type":"charge",
    "status":"available",
    "payout":"po_3J4k5L6i7H8g9F0e",
    "created":1704114789
  },
  {
    "id":"txn_8L9m0N1o2P3q4R5s",
    "amount":40000,
    "fee":1230,
    "net":38770,
    "type":"charge",
    "status":"available",
    "payout":"po_3J4k5L6i7H8g9F0e",
    "created":1704116123
  },
  {
    "id":"txn_9M0n1O2p3Q4r5S6t",
    "amount":16200,
    "fee":516,
    "net":15684,
    "type":"charge",
    "status":"available",
    "payout":"po_3J4k5L6i7H8g9F0e",
    "created":1704117456
  },
  {
    "id":"txn_0N1o2P3q4R5s6T7u",
    "amount":10200,
    "fee":336,
    "net":9864,
    "type":"charge",
    "status":"available",
    "payout":"po_4K5l6M7j8I9h0G1f",
    "created":1704118789
  },
  {
    "id":"txn_1O2p3Q4r5S6t7U8v",
    "amount":23000,
    "fee":720,
    "net":22280,
    "type":"charge",
    "status":"available",
    "payout":"po_4K5l6M7j8I9h0G1f",
    "created":1704120123
  },
  {
    "id":"txn_2P3q4R5s6T7u8V9w",
    "amount":12200,
    "fee":396,
    "net":11804,
    "type":"charge",
    "status":"available",
    "payout":"po_4K5l6M7j8I9h0G1f",
    "created":1704121456
  },
  {
    "id":"txn_3Q4r5S6t7U8v9W0x",
    "amount":19800,
    "fee":624,
    "net":19176,
    "type":"charge",
    "status":"available",
    "payout":"po_5L6m7N8k9J0i1H2g",
    "created":1704122789
  },
  {
    "id":"txn_4R5s6T7u8V9w0X1y",
    "amount":28500,
    "fee":885,
    "net":27615,
    "type":"charge",
    "status":"available",
    "payout":"po_5L6m7N8k9J0i1H2g",
    "created":1704124123
  },
  {
    "id":"txn_5S6t7U8v9W0x1Y2z",
    "amount":15200,
    "fee":486,
    "net":14714,
    "type":"charge",
    "status":"available",
    "payout":"po_5L6m7N8k9J0i1H2g",
    "created":1704125456
  },
  {
    "id":"txn_6T7u8V9w0X1y2Z3a",
    "amount":8600,
    "fee":288,
    "net":8312,
    "type":"charge",
    "status":"available",
    "payout":"po_6M7n8O9l0K1j2I3h",
    "created":1704126789
  },
  {
    "id":"txn_7U8v9W0x1Y2z3A4b",
    "amount":34000,
    "fee":1050,
    "net":32950,
    "type":"charge",
    "status":"available",
    "payout":"po_6M7n8O9l0K1j2I3h",
    "created":1704128123
  },
  {
    "id":"txn_8V9w0X1y2Z3a4B5c",
    "amount":11800,
    "fee":384,
    "net":11416,
    "type":"charge",
    "status":"available",
    "payout":"po_6M7n8O9l0K1j2I3h",
    "created":1704129456
  },
  {
    "id":"txn_9W0x1Y2z3A4b5C6d",
    "amount":21500,
    "fee":675,
    "net":20825,
    "type":"charge",
    "status":"available",
    "payout":"po_7N8o9P0m1L2k3J4i",
    "created":1704130789
  },
  {
    "id":"txn_0X1y2Z3a4B5c6D7e",
    "amount":14500,
    "fee":465,
    "net":14035,
    "type":"charge",
    "status":"available",
    "payout":"po_7N8o9P0m1L2k3J4i",
    "created":1704132123
  },
  {
    "id":"txn_1Y2z3A4b5C6d7E8f",
    "amount":36500,
    "fee":1125,
    "net":35375,
    "type":"charge",
    "status":"available",
    "payout":"po_7N8o9P0m1L2k3J4i",
    "created":1704133456
  },
  {
    "id":"txn_2Z3a4B5c6D7e8F9g",
    "amount":9600,
    "fee":318,
    "net":9282,
    "type":"charge",
    "status":"available",
    "payout":"po_8O9p0Q1n2M3l4K5j",
    "created":1704134789
  },
  {
    "id":"txn_3A4b5C6d7E8f9G0h",
    "amount":17500,
    "fee":555,
    "net":16945,
    "type":"charge",
    "status":"available",
    "payout":"po_8O9p0Q1n2M3l4K5j",
    "created":1704136123
  },
  {
    "id":"txn_4B5c6D7e8F9g0H1i",
    "amount":25500,
    "fee":795,
    "net":24705,
    "type":"charge",
    "status":"available",
    "payout":"po_8O9p0Q1n2M3l4K5j",
    "created":1704137456
  },
  {
    "id":"txn_5C6d7E8f9G0h1I2j",
    "amount":13800,
    "fee":444,
    "net":13356,
    "type":"charge",
    "status":"available",
    "payout":"po_9P0q1R2o3N4m5L6k",
    "created":1704138789
  },
  {
    "id":"txn_6D7e8F9g0H1i2J3k",
    "amount":42000,
    "fee":1290,
    "net":40710,
    "type":"charge",
    "status":"available",
    "payout":"po_9P0q1R2o3N4m5L6k",
    "created":1704140123
  },
  {
    "id":"txn_7E8f9G0h1I2j3K4l",
    "amount":16800,
    "fee":534,
    "net":16266,
    "type":"charge",
    "status":"available",
    "payout":"po_9P0q1R2o3N4m5L6k",
    "created":1704141456
  },
  {
    "id":"txn_8F9g0H1i2J3k4L5m",
    "amount":10800,
    "fee":354,
    "net":10446,
    "type":"charge",
    "status":"available",
    "payout":"po_0Q1r2S3p4O5n6M7l",
    "created":1704142789
  },
  {
    "id":"txn_9G0h1I2j3K4l5M6n",
    "amount":24000,
    "fee":750,
    "net":23250,
    "type":"charge",
    "status":"available",
    "payout":"po_0Q1r2S3p4O5n6M7l",
    "created":1704144123
  },
  {
    "id":"txn_0H1i2J3k4L5m6N7o",
    "amount":12600,
    "fee":408,
    "net":12192,
    "type":"charge",
    "status":"available",
    "payout":"po_0Q1r2S3p4O5n6M7l",
    "created":1704145456
  },
  {
    "id":"txn_1I2j3K4l5M6n7O8p",
    "amount":20200,
    "fee":636,
    "net":19564,
    "type":"charge",
    "status":"available",
    "payout":"po_1R2s3T4q5P6o7N8m",
    "created":1704146789
  },
  {
    "id":"txn_2J3k4L5m6N7o8P9q",
    "amount":29500,
    "fee":915,
    "net":28585,
    "type":"charge",
    "status":"available",
    "payout":"po_1R2s3T4q5P6o7N8m",
    "created":1704148123
  },
  {
    "id":"txn_3K4l5M6n7O8p9Q0r",
    "amount":15600,
    "fee":498,
    "net":15102,
    "type":"charge",
    "status":"available",
    "payout":"po_1R2s3T4q5P6o7N8m",
    "created":1704149456
  },
  {
    "id":"txn_4L5m6N7o8P9q0R1s",
    "amount":8800,
    "fee":294,
    "net":8506,
    "type":"charge",
    "status":"available",
    "payout":"po_2S3t4U5r6Q7p8O9n",
    "created":1704150789
  },
  {
    "id":"txn_5M6n7O8p9Q0r1S2t",
    "amount":35500,
    "fee":1095,
    "net":34405,
    "type":"charge",
    "status":"available",
    "payout":"po_2S3t4U5r6Q7p8O9n",
    "created":1704152123
  },
  {
    "id":"txn_6N7o8P9q0R1s2T3u",
    "amount":12000,
    "fee":390,
    "net":11610,
    "type":"charge",
    "status":"available",
    "payout":"po_2S3t4U5r6Q7p8O9n",
    "created":1704153456
  },
  {
    "id":"txn_7O8p9Q0r1S2t3U4v",
    "amount":22500,
    "fee":705,
    "net":21795,
    "type":"charge",
    "status":"available",
    "payout":"po_3T4u5V6s7R8q9P0o",
    "created":1704154789
  },
  {
    "id":"txn_8P9q0R1s2T3u4V5w",
    "amount":14900,
    "fee":477,
    "net":14423,
    "type":"charge",
    "status":"available",
    "payout":"po_3T4u5V6s7R8q9P0o",
    "created":1704156123
  },
  {
    "id":"txn_9Q0r1S2t3U4v5W6x",
    "amount":37000,
    "fee":1140,
    "net":35860,
    "type":"charge",
    "status":"available",
    "payout":"po_3T4u5V6s7R8q9P0o",
    "created":1704157456
  },
  {
    "id":"txn_0R1s2T3u4V5w6X7y",
    "amount":9400,
    "fee":312,
    "net":9088,
    "type":"charge",
    "status":"available",
    "payout":"po_4U5v6W7t8S9r0Q1p",
    "created":1704158789
  },
  {
    "id":"txn_1S2t3U4v5W6x7Y8z",
    "amount":18500,
    "fee":585,
    "net":17915,
    "type":"charge",
    "status":"available",
    "payout":"po_4U5v6W7t8S9r0Q1p",
    "created":1704160123
  },
  {
    "id":"txn_2T3u4V5w6X7y8Z9a",
    "amount":26000,
    "fee":810,
    "net":25190,
    "type":"charge",
    "status":"available",
    "payout":"po_4U5v6W7t8S9r0Q1p",
    "created":1704161456
  },
  {
    "id":"txn_3U4v5W6x7Y8z9A0b",
    "amount":13600,
    "fee":438,
    "net":13162,
    "type":"charge",
    "status":"available",
    "payout":"po_5V6w7X8u9T0s1R2q",
    "created":1704162789
  },
  {
    "id":"txn_4V5w6X7y8Z9a0B1c",
    "amount":43000,
    "fee":1320,
    "net":41680,
    "type":"charge",
    "status":"available",
    "payout":"po_5V6w7X8u9T0s1R2q",
    "created":1704164123
  },
  {
    "id":"txn_5W6x7Y8z9A0b1C2d",
    "amount":17000,
    "fee":540,
    "net":16460,
    "type":"charge",
    "status":"available",
    "payout":"po_5V6w7X8u9T0s1R2q",
    "created":1704165456
  },
  {
    "id":"txn_6X7y8Z9a0B1c2D3e",
    "amount":11200,
    "fee":366,
    "net":10834,
    "type":"charge",
    "status":"available",
    "payout":"po_6W7x8Y9v0U1t2S3r",
    "created":1704166789
  },
  {
    "id":"txn_7Y8z9A0b1C2d3E4f",
    "amount":24500,
    "fee":765,
    "net":23735,
    "type":"charge",
    "status":"available",
    "payout":"po_6W7x8Y9v0U1t2S3r",
    "created":1704168123
  },
  {
    "id":"txn_8Z9a0B1c2D3e4F5g",
    "amount":12900,
    "fee":417,
    "net":12483,
    "type":"charge",
    "status":"available",
    "payout":"po_6W7x8Y9v0U1t2S3r",
    "created":1704169456
  },
  {
    "id":"txn_9A0b1C2d3E4f5G6h",
    "amount":20800,
    "fee":654,
    "net":20146,
    "type":"charge",
    "status":"available",
    "payout":"po_7X8y9Z0w1V2u3T4s",
    "created":1704170789
  },
  {
    "id":"txn_0B1c2D3e4F5g6H7i",
    "amount":30500,
    "fee":945,
    "net":29555,
    "type":"charge",
    "status":"available",
    "payout":"po_7X8y9Z0w1V2u3T4s",
    "created":1704172123
  },
  {
    "id":"txn_1C2d3E4f5G6h7I8j",
    "amount":16000,
    "fee":510,
    "net":15490,
    "type":"charge",
    "status":"available",
    "payout":"po_7X8y9Z0w1V2u3T4s",
    "created":1704173456
  },
  {
    "id":"txn_2D3e4F5g6H7i8J9k",
    "amount":9000,
    "fee":300,
    "net":8700,
    "type":"charge",
    "status":"available",
    "payout":"po_8Y9z0A1x2W3v4U5t",
    "created":1704174789
  },
  {
    "id":"txn_3E4f5G6h7I8j9K0l",
    "amount":36000,
    "fee":1110,
    "net":34890,
    "type":"charge",
    "status":"available",
    "payout":"po_8Y9z0A1x2W3v4U5t",
    "created":1704176123
  },
  {
    "id":"txn_4F5g6H7i8J9k0L1m",
    "amount":12400,
    "fee":402,
    "net":11998,
    "type":"charge",
    "status":"available",
    "payout":"po_8Y9z0A1x2W3v4U5t",
    "created":1704177456
  },
  {
    "id":"txn_5G6h7I8j9K0l1M2n",
    "amount":23500,
    "fee":735,
    "net":22765,
    "type":"charge",
    "status":"available",
    "payout":"po_9Z0a1B2y3X4w5V6u",
    "created":1704178789
  },
  {
    "id":"txn_6H7i8J9k0L1m2N3o",
    "amount":15100,
    "fee":483,
    "net":14617,
    "type":"charge",
    "status":"available",
    "payout":"po_9Z0a1B2y3X4w5V6u",
    "created":1704180123
  },
  {
    "id":"txn_7I8j9K0l1M2n3O4p",
    "amount":38500,
    "fee":1185,
    "net":37315,
    "type":"charge",
    "status":"available",
    "payout":"po_9Z0a1B2y3X4w5V6u",
    "created":1704181456
  },
  {
    "id":"txn_8J9k0L1m2N3o4P5q",
    "amount":9700,
    "fee":321,
    "net":9379,
    "type":"charge",
    "status":"available",
    "payout":"po_0A1b2C3z4Y5x6W7v",
    "created":1704182789
  },
  {
    "id":"txn_9K0l1M2n3O4p5Q6r",
    "amount":19000,
    "fee":600,
    "net":18400,
    "type":"charge",
    "status":"available",
    "payout":"po_0A1b2C3z4Y5x6W7v",
    "created":1704184123
  },
  {
    "id":"txn_0L1m2N3o4P5q6R7s",
    "amount":27000,
    "fee":840,
    "net":26160,
    "type":"charge",
    "status":"available",
    "payout":"po_0A1b2C3z4Y5x6W7v",
    "created":1704185456
  },
  {
    "id":"txn_1M2n3O4p5Q6r7S8t",
    "amount":14000,
    "fee":450,
    "net":13550,
    "type":"charge",
    "status":"available",
    "payout":"po_1B2c3D4a5Z6y7X8w",
    "created":1704186789
  },
  {
    "id":"txn_2N3o4P5q6R7s8T9u",
    "amount":44000,
    "fee":1350,
    "net":42650,
    "type":"charge",
    "status":"available",
    "payout":"po_1B2c3D4a5Z6y7X8w",
    "created":1704188123
  },
  {
    "id":"txn_3O4p5Q6r7S8t9U0v",
    "amount":17400,
    "fee":552,
    "net":16848,
    "type":"charge",
    "status":"available",
    "payout":"po_1B2c3D4a5Z6y7X8w",
    "created":1704189456
  },
  {
    "id":"txn_4P5q6R7s8T9u0V1w",
    "amount":11400,
    "fee":372,
    "net":11028,
    "type":"charge",
    "status":"available",
    "payout":"po_2C3d4E5b6A7z8Y9x",
    "created":1704190789
  },
  {
    "id":"txn_5Q6r7S8t9U0v1W2x",
    "amount":25000,
    "fee":780,
    "net":24220,
    "type":"charge",
    "status":"available",
    "payout":"po_2C3d4E5b6A7z8Y9x",
    "created":1704192123
  },
  {
    "id":"txn_6R7s8T9u0V1w2X3y",
    "amount":13100,
    "fee":423,
    "net":12677,
    "type":"charge",
    "status":"available",
    "payout":"po_2C3d4E5b6A7z8Y9x",
    "created":1704193456
  },
  {
    "id":"txn_7S8t9U0v1W2x3Y4z",
    "amount":21200,
    "fee":666,
    "net":20534,
    "type":"charge",
    "status":"available",
    "payout":"po_3D4e5F6c7B8a9Z0y",
    "created":1704194789
  },
  {
    "id":"txn_8T9u0V1w2X3y4Z5a",
    "amount":31000,
    "fee":960,
    "net":30040,
    "type":"charge",
    "status":"available",
    "payout":"po_3D4e5F6c7B8a9Z0y",
    "created":1704196123
  },
  {
    "id":"txn_9U0v1W2x3Y4z5A6b",
    "amount":16500,
    "fee":525,
    "net":15975,
    "type":"charge",
    "status":"available",
    "payout":"po_3D4e5F6c7B8a9Z0y",
    "created":1704197456
  },
  {
    "id":"txn_0V1w2X3y4Z5a6B7c",
    "amount":500,
    "fee":45,
    "net":455,
    "type":"charge",
    "status":"available",
    "payout":"po_4E5f6G7d8C9b0A1z",
    "created":1704198789
  },
  {
    "id":"txn_1W2x3Y4z5A6b7C8d",
    "amount":37500,
    "fee":1155,
    "net":36345,
    "type":"charge",
    "status":"available",
    "payout":"po_4E5f6G7d8C9b0A1z",
    "created":1704200123
  },
  {
    "id":"txn_2X3y4Z5a6B7c8D9e",
    "amount":12700,
    "fee":411,
    "net":12289,
    "type":"charge",
    "status":"available",
    "payout":"po_4E5f6G7d8C9b0A1z",
    "created":1704201456
  },
  {
    "id":"txn_3Y4z5A6b7C8d9E0f",
    "amount":24200,
    "fee":756,
    "net":23444,
    "type":"charge",
    "status":"available",
    "payout":"po_5F6g7H8e9D0c1B2a",
    "created":1704202789
  },
  {
    "id":"txn_4Z5a6B7c8D9e0F1g",
    "amount":15400,
    "fee":492,
    "net":14908,
    "type":"charge",
    "status":"available",
    "payout":"po_5F6g7H8e9D0c1B2a",
    "created":1704204123
  },
  {
    "id":"txn_5A6b7C8d9E0f1G2h",
    "amount":39000,
    "fee":1200,
    "net":37800,
    "type":"charge",
    "status":"available",
    "payout":"po_5F6g7H8e9D0c1B2a",
    "created":1704205456
  },
  {
    "id":"txn_6B7c8D9e0F1g2H3i",
    "amount":10000,
    "fee":330,
    "net":9670,
    "type":"charge",
    "status":"available",
    "payout":"po_6G7h8I9f0E1d2C3b",
    "created":1704206789
  },
  {
    "id":"txn_7C8d9E0f1G2h3I4j",
    "amount":19500,
    "fee":615,
    "net":18885,
    "type":"charge",
    "status":"available",
    "payout":"po_6G7h8I9f0E1d2C3b",
    "created":1704208123
  },
  {
    "id":"txn_8D9e0F1g2H3i4J5k",
    "amount":27800,
    "fee":864,
    "net":26936,
    "type":"charge",
    "status":"available",
    "payout":"po_6G7h8I9f0E1d2C3b",
    "created":1704209456
  },
  {
    "id":"txn_9E0f1G2h3I4j5K6l",
    "amount":14300,
    "fee":459,
    "net":13841,
    "type":"charge",
    "status":"available",
    "payout":"po_7H8i9J0g1F2e3D4c",
    "created":1704210789
  },
  {
    "id":"txn_0F1g2H3i4J5k6L7m",
    "amount":45500,
    "fee":1395,
    "net":44105,
    "type":"charge",
    "status":"available",
    "payout":"po_7H8i9J0g1F2e3D4c",
    "created":1704212123
  },
  {
    "id":"txn_1G2h3I4j5K6l7M8n",
    "amount":17900,
    "fee":567,
    "net":17333,
    "type":"charge",
    "status":"available",
    "payout":"po_7H8i9J0g1F2e3D4c",
    "created":1704213456
  },
  {
    "id":"txn_2H3i4J5k6L7m8N9o",
    "amount":11600,
    "fee":378,
    "net":11222,
    "type":"charge",
    "status":"available",
    "payout":"po_8I9j0K1h2G3f4E5d",
    "created":1704214789
  },
  {
    "id":"txn_3I4j5K6l7M8n9O0p",
    "amount":5000,
    "fee":180,
    "net":4820,
    "type":"refund",
    "status":"available",
    "payout":"po_8I9j0K1h2G3f4E5d",
    "created":1704216123
  },
  {
    "id":"txn_4J5k6L7m8N9o0P1q",
    "amount":13300,
    "fee":429,
    "net":12871,
    "type":"charge",
    "status":"available",
    "payout":"po_8I9j0K1h2G3f4E5d",
    "created":1704217456
  },
  {
    "id":"txn_5K6l7M8n9O0p1Q2r",
    "amount":21800,
    "fee":684,
    "net":21116,
    "type":"charge",
    "status":"available",
    "payout":"po_9J0k1L2i3H4g5F6e",
    "created":1704218789
  },
  {
    "id":"txn_6L7m8N9o0P1q2R3s",
    "amount":32000,
    "fee":990,
    "net":31010,
    "type":"charge",
    "status":"available",
    "payout":"po_9J0k1L2i3H4g5F6e",
    "created":1704220123
  },
  {
    "id":"txn_7M8n9O0p1Q2r3S4t",
    "amount":16800,
    "fee":534,
    "net":16266,
    "type":"charge",
    "status":"available",
    "payout":"po_9J0k1L2i3H4g5F6e",
    "created":1704221456
  },
  {
    "id":"txn_8N9o0P1q2R3s4T5u",
    "amount":9100,
    "fee":303,
    "net":8797,
    "type":"charge",
    "status":"available",
    "payout":"po_0K1l2M3j4I5h6G7f",
    "created":1704222789
  },
  {
    "id":"txn_9O0p1Q2r3S4t5U6v",
    "amount":38000,
    "fee":1170,
    "net":36830,
    "type":"charge",
    "status":"available",
    "payout":"po_0K1l2M3j4I5h6G7f",
    "created":1704224123
  },
  {
    "id":"txn_0P1q2R3s4T5u6V7w",
    "amount":13000,
    "fee":420,
    "net":12580,
    "type":"charge",
    "status":"available",
    "payout":"po_0K1l2M3j4I5h6G7f",
    "created":1704225456
  },
  {
    "id":"txn_1Q2r3S4t5U6v7W8x",
    "amount":25500,
    "fee":795,
    "net":24705,
    "type":"charge",
    "status":"available",
    "payout":"po_1L2m3N4k5J6i7H8g",
    "created":1704226789
  },
  {
    "id":"txn_2R3s4T5u6V7w8X9y",
    "amount":15700,
    "fee":501,
    "net":15199,
    "type":"charge",
    "status":"available",
    "payout":"po_1L2m3N4k5J6i7H8g",
    "created":1704228123
  },
  {
    "id":"txn_3S4t5U6v7W8x9Y0z",
    "amount":40500,
    "fee":1245,
    "net":39255,
    "type":"charge",
    "status":"available",
    "payout":"po_1L2m3N4k5J6i7H8g",
    "created":1704229456
  },
  {
    "id":"txn_4T5u6V7w8X9y0Z1a",
    "amount":10300,
    "fee":339,
    "net":9961,
    "type":"charge",
    "status":"available",
    "payout":"po_2M3n4O5l6K7j8I9h",
    "created":1704230789
  },
  {
    "id":"txn_5U6v7W8x9Y0z1A2b",
    "amount":20000,
    "fee":630,
    "net":19370,
    "type":"charge",
    "status":"available",
    "payout":"po_2M3n4O5l6K7j8I9h",
    "created":1704232123
  },
  {
    "id":"txn_6V7w8X9y0Z1a2B3c",
    "amount":28200,
    "fee":876,
    "net":27324,
    "type":"charge",
    "status":"available",
    "payout":"po_2M3n4O5l6K7j8I9h",
    "created":1704233456
  },
  {
    "id":"txn_7W8x9Y0z1A2b3C4d",
    "amount":14600,
    "fee":468,
    "net":14132,
    "type":"charge",
    "status":"available",
    "payout":"po_3N4o5P6m7L8k9J0i",
    "created":1704234789
  },
  {
    "id":"txn_8X9y0Z1a2B3c4D5e",
    "amount":3000,
    "fee":120,
    "net":2880,
    "type":"refund",
    "status":"available",
    "payout":"po_3N4o5P6m7L8k9J0i",
    "created":1704236123
  },
  {
    "id":"txn_9Y0z1A2b3C4d5E6f",
    "amount":18000,
    "fee":570,
    "net":17430,
    "type":"charge",
    "status":"available",
    "payout":"po_3N4o5P6m7L8k9J0i",
    "created":1704237456
  },
  {
    "id":"txn_0Z1a2B3c4D5e6F7g",
    "amount":11900,
    "fee":387,
    "net":11513,
    "type":"charge",
    "status":"available",
    "payout":"po_4O5p6Q7n8M9l0K1j",
    "created":1704238789
  },
  {
    "id":"txn_1A2b3C4d5E6f7G8h",
    "amount":26500,
    "fee":825,
    "net":25675,
    "type":"charge",
    "status":"available",
    "payout":"po_4O5p6Q7n8M9l0K1j",
    "created":1704240123
  },
  {
    "id":"txn_2B3c4D5e6F7g8H9i",
    "amount":13500,
    "fee":435,
    "net":13065,
    "type":"charge",
    "status":"available",
    "payout":"po_4O5p6Q7n8M9l0K1j",
    "created":1704241456
  },
  {
    "id":"txn_3C4d5E6f7G8h9I0j",
    "amount":22200,
    "fee":696,
    "net":21504,
    "type":"charge",
    "status":"available",
    "payout":"po_5P6q7R8o9N0m1L2k",
    "created":1704242789
  },
  {
    "id":"txn_4D5e6F7g8H9i0J1k",
    "amount":33500,
    "fee":1035,
    "net":32465,
    "type":"charge",
    "status":"available",
    "payout":"po_5P6q7R8o9N0m1L2k",
    "created":1704244123
  },
  {
    "id":"txn_5E6f7G8h9I0j1K2l",
    "amount":17200,
    "fee":546,
    "net":16654,
    "type":"charge",
    "status":"available",
    "payout":"po_5P6q7R8o9N0m1L2k",
    "created":1704245456
  },
  {
    "id":"txn_6F7g8H9i0J1k2L3m",
    "amount":9300,
    "fee":309,
    "net":8991,
    "type":"charge",
    "status":"available",
    "payout":"po_6Q7r8S9p0O1n2M3l",
    "created":1704246789
  },
  {
    "id":"txn_7G8h9I0j1K2l3M4n",
    "amount":39500,
    "fee":1215,
    "net":38285,
    "type":"charge",
    "status":"available",
    "payout":"po_6Q7r8S9p0O1n2M3l",
    "created":1704248123
  },
  {
    "id":"txn_8H9i0J1k2L3m4N5o",
    "amount":13700,
    "fee":441,
    "net":13259,
    "type":"charge",
    "status":"available",
    "payout":"po_6Q7r8S9p0O1n2M3l",
    "created":1704249456
  },
  {
    "id":"txn_9I0j1K2l3M4n5O6p",
    "amount":26000,
    "fee":810,
    "net":25190,
    "type":"charge",
    "status":"pending",
    "payout":null,
    "created":1704250789
  },
  {
    "id":"txn_0J1k2L3m4N5o6P7q",
    "amount":16100,
    "fee":513,
    "net":15587,
    "type":"charge",
    "status":"pending",
    "payout":null,
    "created":1704252123
  },
  {
    "id":"txn_1K2l3M4n5O6p7Q8r",
    "amount":41000,
    "fee":1260,
    "net":39740,
    "type":"charge",
    "status":"pending",
    "payout":null,
    "created":1704253456
  },
  {
    "id":"txn_2L3m4N5o6P7q8R9s",
    "amount":10600,
    "fee":348,
    "net":10252,
    "type":"charge",
    "status":"pending",
    "payout":null,
    "created":1704254789
  },
  {
    "id":"txn_3M4n5O6p7Q8r9S0t",
    "amount":20500,
    "fee":645,
    "net":19855,
    "type":"charge",
    "status":"pending",
    "payout":null,
    "created":1704256123
  },
  {
    "id":"txn_4N5o6P7q8R9s0T1u",
    "amount":29000,
    "fee":900,
    "net":28100,
    "type":"charge",
    "status":"pending",
    "payout":null,
    "created":1704257456
  },
  {
    "id":"txn_5O6p7Q8r9S0t1U2v",
    "amount":14700,
    "fee":471,
    "net":14229,
    "type":"charge",
    "status":"pending",
    "payout":null,
    "created":1704258789
  },
  {
    "id":"txn_6P7q8R9s0T1u2V3w",
    "amount":47000,
    "fee":1440,
    "net":45560,
    "type":"charge",
    "status":"pending",
    "payout":null,
    "created":1704260123
  },
  {
    "id":"txn_7Q8r9S0t1U2v3W4x",
    "amount":18300,
    "fee":579,
    "net":17721,
    "type":"charge",
    "status":"pending",
    "payout":null,
    "created":1704261456
  },
  {
    "id":"txn_8R9s0T1u2V3w4X5y",
    "amount":11700,
    "fee":381,
    "net":11319,
    "type":"charge",
    "status":"pending",
    "payout":null,
    "created":1704262789
  },
  {
    "id":"txn_9S0t1U2v3W4x5Y6z",
    "amount":27500,
    "fee":855,
    "net":26645,
    "type":"charge",
    "status":"pending",
    "payout":null,
    "created":1704264123
  },
  {
    "id":"txn_0T1u2V3w4X5y6Z7a",
    "amount":13900,
    "fee":447,
    "net":13453,
    "type":"charge",
    "status":"pending",
    "payout":null,
    "created":1704265456
  },
  {
    "id":"txn_1U2v3W4x5Y6z7A8b",
    "amount":23000,
    "fee":720,
    "net":22280,
    "type":"charge",
    "status":"pending",
    "payout":null,
    "created":1704266789
  },
  {
    "id":"txn_2V3w4X5y6Z7a8B9c",
    "amount":34500,
    "fee":1065,
    "net":33435,
    "type":"charge",
    "status":"pending",
    "payout":null,
    "created":1704268123
  },
  {
    "id":"txn_3W4x5Y6z7A8b9C0d",
    "amount":17600,
    "fee":558,
    "net":17042,
    "type":"charge",
    "status":"pending",
    "payout":null,
    "created":1704269456
  },
  {
    "id":"txn_4X5y6Z7a8B9c0D1e",
    "amount":9500,
    "fee":315,
    "net":9185,
    "type":"charge",
    "status":"pending",
    "payout":null,
    "created":1704270789
  },
  {
    "id":"txn_5Y6z7A8b9C0d1E2f",
    "amount":41500,
    "fee":1275,
    "net":40225,
    "type":"charge",
    "status":"pending",
    "payout":null,
    "created":1704272123
  },
  {
    "id":"txn_6Z7a8B9c0D1e2F3g",
    "amount":14100,
    "fee":453,
    "net":13647,
    "type":"charge",
    "status":"pending",
    "payout":null,
    "created":1704273456
  },
  {
    "id":"txn_7A8b9C0d1E2f3G4h",
    "amount":28000,
    "fee":870,
    "net":27130,
    "type":"charge",
    "status":"pending",
    "payout":null,
    "created":1704274789
  },
  {
    "id":"txn_8B9c0D1e2F3g4H5i",
    "amount":16400,
    "fee":522,
    "net":15878,
    "type":"charge",
    "status":"pending",
    "payout":null,
    "created":1704276123
  },
  {
    "id":"txn_9C0d1E2f3G4h5I6j",
    "amount":43500,
    "fee":1335,
    "net":42165,
    "type":"charge",
    "status":"pending",
    "payout":null,
    "created":1704277456
  },
  {
    "id":"txn_0D1e2F3g4H5i6J7k",
    "amount":11300,
    "fee":369,
    "net":10931,
    "type":"charge",
    "status":"pending",
    "payout":null,
    "created":1704278789
  },
  {
    "id":"txn_1E2f3G4h5I6j7K8l",
    "amount":21500,
    "fee":675,
    "net":20825,
    "type":"charge",
    "status":"pending",
    "payout":null,
    "created":1704280123
  },
  {
    "id":"txn_2F3g4H5i6J7k8L9m",
    "amount":30500,
    "fee":945,
    "net":29555,
    "type":"charge",
    "status":"pending",
    "payout":null,
    "created":1704281456
  },
  {
    "id":"txn_3G4h5I6j7K8l9M0n",
    "amount":15300,
    "fee":489,
    "net":14811,
    "type":"charge",
    "status":"pending",
    "payout":null,
    "created":1704282789
  },
  {
    "id":"txn_4H5i6J7k8L9m0N1o",
    "amount":50000,
    "fee":1530,
    "net":48470,
    "type":"charge",
    "status":"pending",
    "payout":null,
    "created":1704284123
  },
  {
    "id":"txn_5I6j7K8l9M0n1O2p",
    "amount":19200,
    "fee":606,
    "net":18594,
    "type":"charge",
    "status":"pending",
    "payout":null,
    "created":1704285456
  },
  {
    "id":"txn_6J7k8L9m0N1o2P3q",
    "amount":12300,
    "fee":399,
    "net":11901,
    "type":"charge",
    "status":"pending",
    "payout":null,
    "created":1704286789
  },
  {
    "id":"txn_7K8l9M0n1O2p3Q4r",
    "amount":29500,
    "fee":915,
    "net":28585,
    "type":"charge",
    "status":"pending",
    "payout":null,
    "created":1704288123
  },
  {
    "id":"txn_8L9m0N1o2P3q4R5s",
    "amount":14400,
    "fee":462,
    "net":13938,
    "type":"charge",
    "status":"pending",
    "payout":null,
    "created":1704289456
  },
  {
    "id":"txn_9M0n1O2p3Q4r5S6t",
    "amount":25000,
    "fee":750,
    "net":24250,
    "type":"adjustment",
    "status":"available",
    "payout":"po_7R8s9T0u1P2q3R4r",
    "created":1704291789
  },
  {
    "id":"txn_0N1o2P3q4R5s6T7u",
    "amount":18600,
    "fee":588,
    "net":18012,
    "type":"charge",
    "status":"available",
    "payout":"po_7R8s9T0u1P2q3R4r",
    "created":1704292123
  },
  {
    "id":"txn_1O2p3Q4r5S6t7U8v",
    "amount":32500,
    "fee":1005,
    "net":31495,
    "type":"charge",
    "status":"available",
    "payout":"po_7R8s9T0u1P2q3R4r",
    "created":1704293456
  }
]