[
  {
    "id":"po_1XyZ9WvU8tSrQpO",
    "amount":28540,
    "arrival_date":1704240000,
    "status":"paid",
    "transaction_ids":"txn_1AbC2dEfG3HiJ4kL|txn_2BcD3eF4gH5iJ6k|txn_3CdE4fG5hI6jK7l",
    "method":"standard"
  },
  {
    "id":"po_2YzA0XwV9uTsRqP",
    "amount":45230,
    "arrival_date":1704326400,
    "status":"paid",
    "transaction_ids":"txn_4DeF5gH6iJ7kL8m|txn_5EfG6hI7jK8lM9n|txn_6FgH7iJ8kL9mN0o|txn_7GhI8jK9lM0nO1p",
    "method":"standard"
  },
  {
    "id":"po_3ZaB1YxW0vUtSrQ",
    "amount":32180,
    "arrival_date":1704412800,
    "status":"paid",
    "transaction_ids":"txn_8HiJ9kL0mN1oP2q|txn_9IjK0lM1nO2pQ3r|txn_0JkL1mN2oP3qR4s",
    "method":"standard"
  },
  {
    "id":"po_4AbC2ZyX1wVuTsR",
    "amount":51670,
    "arrival_date":1704499200,
    "status":"paid",
    "transaction_ids":"txn_1KlM2nO3pQ4rS5t|txn_2LmN3oP4qR5sT6u|txn_3MnO4pQ5rS6tU7v|txn_4NoP5qR6sT7uV8w",
    "method":"instant"
  },
  {
    "id":"po_5BcD3AzY2xWvUtS",
    "amount":38920,
    "arrival_date":1704585600,
    "status":"paid",
    "transaction_ids":"txn_5OpQ6rS7tU8vW9x|txn_6PqR7sT8uV9wX0y|txn_7QrS8tU9vW0xY1z",
    "method":"standard"
  },
  {
    "id":"po_6CdE4BaZ3yXwVuT",
    "amount":29450,
    "arrival_date":1704672000,
    "status":"paid",
    "transaction_ids":"txn_8RsT9uV0wX1yZ2a|txn_9StU0vW1xY2zA3b",
    "method":"standard"
  },
  {
    "id":"po_7DeF5CbA4zYxWvU",
    "amount":44780,
    "arrival_date":1704758400,
    "status":"paid",
    "transaction_ids":"txn_0TuV1wX2yZ3aB4c|txn_1UvW2xY3zA4bC5d|txn_2VwX3yZ4aB5cD6e|txn_3WxY4zA5bC6dE7f",
    "method":"standard"
  },
  {
    "id":"po_8EfG6DcB5aZyXwV",
    "amount":36210,
    "arrival_date":1704844800,
    "status":"paid",
    "transaction_ids":"txn_4XyZ5aB6cD7eF8g|txn_5YzA6bC7dE8fG9h|txn_6ZaB7cD8eF9gH0i",
    "method":"standard"
  },
  {
    "id":"po_9FgH7EdC6bAzYxW",
    "amount":53340,
    "arrival_date":1704931200,
    "status":"paid",
    "transaction_ids":"txn_7AbC8dE9fG0hI1j|txn_8BcD9eF0gH1iJ2k|txn_9CdE0fG1hI2jK3l|txn_0DeF1gH2iJ3kL4m",
    "method":"instant"
  },
  {
    "id":"po_0GhI8FeD7cBaZyX",
    "amount":41560,
    "arrival_date":1705017600,
    "status":"paid",
    "transaction_ids":"txn_1EfG2hI3jK4lM5n|txn_2FgH3iJ4kL5mN6o|txn_3GhI4jK5lM6nO7p",
    "method":"standard"
  },
  {
    "id":"po_1HiJ9GfE8dCbAzY",
    "amount":27890,
    "arrival_date":1705104000,
    "status":"paid",
    "transaction_ids":"txn_4HiJ5kL6mN7oP8q|txn_5IjK6lM7nO8pQ9r",
    "method":"standard"
  },
  {
    "id":"po_2IjK0HgF9eCdBaZ",
    "amount":49120,
    "arrival_date":1705190400,
    "status":"paid",
    "transaction_ids":"txn_6JkL7mN8oP9qR0s|txn_7KlM8nO9pQ0rS1t|txn_8LmN9oP0qR1sT2u|txn_9MnO0pQ1rS2tU3v",
    "method":"standard"
  },
  {
    "id":"po_3JkL1IhG0fDeCbA",
    "amount":33670,
    "arrival_date":1705276800,
    "status":"paid",
    "transaction_ids":"txn_0NoP1qR2sT3uV4w|txn_1OpQ2rS3tU4vW5x|txn_2PqR3sT4uV5wX6y",
    "method":"standard"
  },
  {
    "id":"po_4KlM2JiH1gEfDcB",
    "amount":46250,
    "arrival_date":1705363200,
    "status":"paid",
    "transaction_ids":"txn_3QrS4tU5vW6xY7z|txn_4RsT5uV6wX7yZ8a|txn_5StU6vW7xY8zA9b",
    "method":"standard"
  },
  {
    "id":"po_5LmN3KjI2hFgEdC",
    "amount":39840,
    "arrival_date":1705449600,
    "status":"paid",
    "transaction_ids":"txn_6TuV7wX8yZ9aB0c|txn_7UvW8xY9zA0bC1d|txn_8VwX9yZ0aB1cD2e",
    "method":"standard"
  },
  {
    "id":"po_6MnO4LkJ3iGhFeD",
    "amount":52180,
    "arrival_date":1705536000,
    "status":"paid",
    "transaction_ids":"txn_9WxY0zA1bC2dE3f|txn_0XyZ1aB2cD3eF4g|txn_1YzA2bC3dE4fG5h|txn_2ZaB3cD4eF5gG6i",
    "method":"instant"
  },
  {
    "id":"po_7NoP5MlK4jHiGfE",
    "amount":28960,
    "arrival_date":1705622400,
    "status":"paid",
    "transaction_ids":"txn_3AbC4dE5fG6hI7j|txn_4BcD5eF6gH7iJ8k",
    "method":"standard"
  },
  {
    "id":"po_8OpQ6NmL5kIjHgF",
    "amount":44530,
    "arrival_date":1705708800,
    "status":"paid",
    "transaction_ids":"txn_5CdE6fG7hI8jK9l|txn_6DeF7gH8iJ9kL0m|txn_7EfG8hI9jK0lM1n|txn_8FgH9iJ0kL1mN2o",
    "method":"standard"
  },
  {
    "id":"po_9PqR7OnM6lJkIhG",
    "amount":37210,
    "arrival_date":1705795200,
    "status":"paid",
    "transaction_ids":"txn_9GhI0jK1lM2nO3p|txn_0HiJ1kL2mN3oP4q|txn_1IjK2lM3nO4pQ5r",
    "method":"standard"
  },
  {
    "id":"po_0QrS8PoN7mKlJiH",
    "amount":50890,
    "arrival_date":1705881600,
    "status":"paid",
    "transaction_ids":"txn_2JkL3mN4oP5qR6s|txn_3KlM4nO5pQ6rS7t|txn_4LmN5oP6qR7sT8u|txn_5MnO6pQ7rS8tU9v",
    "method":"standard"
  },
  {
    "id":"po_1RsT9QpO8nLmKjI",
    "amount":31450,
    "arrival_date":1705968000,
    "status":"paid",
    "transaction_ids":"txn_6NoP7qR8sT9uV0w|txn_7OpQ8rS9tU0vW1x|txn_8PqR9sT0uV1wX2y",
    "method":"standard"
  },
  {
    "id":"po_2StU0RqP9oMnLkJ",
    "amount":48760,
    "arrival_date":1706054400,
    "status":"paid",
    "transaction_ids":"txn_9QrS0tU1vW2xY3z|txn_0RsT1uV2wX3yZ4a|txn_1StU2vW3xY4zA5b",
    "method":"standard"
  },
  {
    "id":"po_3TuV1SrQ0pNoMlK",
    "amount":35280,
    "arrival_date":1706140800,
    "status":"paid",
    "transaction_ids":"txn_2TuV3wX4yZ5aB6c|txn_3UvW4xY5zA6bC7d|txn_4VwX5yZ6aB7cD8e",
    "method":"standard"
  },
  {
    "id":"po_4UvW2TsR1qOpNmL",
    "amount":42910,
    "arrival_date":1706227200,
    "status":"paid",
    "transaction_ids":"txn_5WxY6zA7bC8dE9f|txn_6XyZ7aB8cD9eF0g|txn_7YzA8bC9dE0fG1h",
    "method":"standard"
  },
  {
    "id":"po_5VwX3UtS2rPqOnM",
    "amount":29630,
    "arrival_date":1706313600,
    "status":"paid",
    "transaction_ids":"txn_8ZaB9cD0eF1gH2i|txn_9AbC0dE1fG2hI3j",
    "method":"standard"
  },
  {
    "id":"po_6WxY4VuT3sPrQoN",
    "amount":54210,
    "arrival_date":1706400000,
    "status":"paid",
    "transaction_ids":"txn_0BcD1eF2gH3iJ4k|txn_1CdE2fG3hI4jK5l|txn_2DeF3gH4iJ5kL6m|txn_3EfG4hI5jK6lM7n",
    "method":"instant"
  },
  {
    "id":"po_7XyZ5WvU4tQsRpO",
    "amount":38470,
    "arrival_date":1706486400,
    "status":"paid",
    "transaction_ids":"txn_4FgH5iJ6kL7mN8o|txn_5GhI6jK7lM8nO9p|txn_6HiJ7kL8mN9oP0q",
    "method":"standard"
  },
  {
    "id":"po_8YzA6XwV5uRtSqP",
    "amount":46820,
    "arrival_date":1706572800,
    "status":"paid",
    "transaction_ids":"txn_7IjK8lM9nO0pQ1r|txn_8JkL9mN0oP1qR2s|txn_9KlM0nO1pQ2rS3t",
    "method":"standard"
  },
  {
    "id":"po_9ZaB7YxW6vStTrQ",
    "amount":33190,
    "arrival_date":1706659200,
    "status":"paid",
    "transaction_ids":"txn_0LmN1oP2qR3sT4u|txn_1MnO2pQ3rS4tU5v|txn_2NoP3qR4sT5uV6w",
    "method":"standard"
  },
  {
    "id":"po_0AbC8ZyX7wTuUsR",
    "amount":51440,
    "arrival_date":1706745600,
    "status":"paid",
    "transaction_ids":"txn_3OpQ4rS5tU6vW7x|txn_4PqR5sT6uV7wX8y|txn_5QrS6tU7vW8xY9z|txn_6RsT7uV8wX9yZ0a",
    "method":"standard"
  },
  {
    "id":"po_1BcD9AzY8xUvVtS",
    "amount":28750,
    "arrival_date":1706832000,
    "status":"paid",
    "transaction_ids":"txn_7StU8vW9xY0zA1b|txn_8TuV9wX0yZ1aB2c",
    "method":"standard"
  },
  {
    "id":"po_2CdE0BaZ9yVwWuT",
    "amount":44320,
    "arrival_date":1704326400,
    "status":"paid",
    "transaction_ids":"txn_9UvW0xY1zA2bC3d|txn_0VwX1yZ2aB3cD4e|txn_1WxY2zA3bC4dE5f",
    "method":"standard"
  },
  {
    "id":"po_3DeF1CbA0zWxXvU",
    "amount":36580,
    "arrival_date":1704499200,
    "status":"paid",
    "transaction_ids":"txn_2XyZ3aB4cD5eF6g|txn_3YzA4bC5dE6fG7h|txn_4ZaB5cD6eF7gH8i",
    "method":"standard"
  },
  {
    "id":"po_4EfG2DcB1aXyYwV",
    "amount":49670,
    "arrival_date":1704672000,
    "status":"paid",
    "transaction_ids":"txn_5AbC6dE7fG8hI9j|txn_6BcD7eF8gH9iJ0k|txn_7CdE8fG9hI0jK1l",
    "method":"standard"
  },
  {
    "id":"po_5FgH3EdC2bYzZxW",
    "amount":31920,
    "arrival_date":1704844800,
    "status":"paid",
    "transaction_ids":"txn_8DeF9gH0iJ1kL2m|txn_9EfG0hI1jK2lM3n|txn_0FgH1iJ2kL3mN4o",
    "method":"standard"
  },
  {
    "id":"po_6GhI4FeD3cZaAxY",
    "amount":47580,
    "arrival_date":1705017600,
    "status":"paid",
    "transaction_ids":"txn_1GhI2jK3lM4nO5p|txn_2HiJ3kL4mN5oP6q|txn_3IjK4lM5nO6pQ7r",
    "method":"standard"
  },
  {
    "id":"po_7HiJ5GfE4dAbByZ",
    "amount":34260,
    "arrival_date":1705190400,
    "status":"paid",
    "transaction_ids":"txn_4JkL5mN6oP7qR8s|txn_5KlM6nO7pQ8rS9t",
    "method":"standard"
  },
  {
    "id":"po_8IjK6HgF5eBcCzA",
    "amount":52340,
    "arrival_date":1705363200,
    "status":"paid",
    "transaction_ids":"txn_6LmN7oP8qR9sT0u|txn_7MnO8pQ9rS0tU1v|txn_8NoP9qR0sT1uV2w|txn_9OpQ0rS1tU2vW3x",
    "method":"instant"
  },
  {
    "id":"po_9JkL7IhG6fCdDaB",
    "amount":39120,
    "arrival_date":1705536000,
    "status":"paid",
    "transaction_ids":"txn_0PqR1sT2uV3wX4y|txn_1QrS2tU3vW4xY5z|txn_2RsT3uV4wX5yZ6a",
    "method":"standard"
  },
  {
    "id":"po_0KlM8JiH7gDeFbC",
    "amount":45890,
    "arrival_date":1705708800,
    "status":"paid",
    "transaction_ids":"txn_3StU4vW5xY6zA7b|txn_4TuV5wX6yZ7aB8c|txn_5UvW6xY7zA8bC9d",
    "method":"standard"
  },
  {
    "id":"po_1LmN9KjI8hEfGcD",
    "amount":30540,
    "arrival_date":1705881600,
    "status":"paid",
    "transaction_ids":"txn_6VwX7yZ8aB9cD0e|txn_7WxY8zA9bC0dE1f",
    "method":"standard"
  },
  {
    "id":"po_2MnO0LkJ9iFgHdE",
    "amount":48920,
    "arrival_date":1706054400,
    "status":"in_transit",
    "transaction_ids":"txn_8XyZ9aB0cD1eF2g|txn_9YzA0bC1dE2fG3h|txn_0ZaB1cD2eF3gG4i",
    "method":"standard"
  },
  {
    "id":"po_3NoP1MlK0jGhIfF",
    "amount":37450,
    "arrival_date":1706227200,
    "status":"in_transit",
    "transaction_ids":"txn_1AbC2dE3fG4hI5j|txn_2BcD3eF4gH5iJ6k|txn_3CdE4fG5hI6jK7l",
    "method":"standard"
  },
  {
    "id":"po_4OpQ2NmL1kHiJgG",
    "amount":53780,
    "arrival_date":1706400000,
    "status":"failed",
    "transaction_ids":"txn_4DeF5gH6iJ7kL8m|txn_5EfG6hI7jK8lM9n|txn_6FgH7iJ8kL9mN0o|txn_7GhI8jK9lM0nO1p",
    "method":"standard"
  },
  {
    "id":"po_5PqR3OnM2lIjKhH",
    "amount":29180,
    "arrival_date":1706572800,
    "status":"paid",
    "transaction_ids":"txn_8HiJ9kL0mN1oP2q|txn_9IjK0lM1nO2pQ3r",
    "method":"standard"
  }
]