[
  {
    "id":"n2",
    "visits":0,
    "wins":0,
    "children":null,
    "parent":"n0"
  },
  {
    "id":"n4",
    "visits":80,
    "wins":52,
    "children":"n10",
    "parent":"n0"
  },
  {
    "id":"n5",
    "visits":35,
    "wins":28,
    "children":"n11",
    "parent":"n0"
  },
  {
    "id":"n6",
    "visits":45,
    "wins":30,
    "children":null,
    "parent":"n1"
  },
  {
    "id":"n7",
    "visits":60,
    "wins":40,
    "children":null,
    "parent":"n1"
  },
  {
    "id":"n8",
    "visits":90,
    "wins":45,
    "children":null,
    "parent":"n3"
  },
  {
    "id":"n9",
    "visits":85,
    "wins":38,
    "children":null,
    "parent":"n3"
  },
  {
    "id":"n10",
    "visits":40,
    "wins":25,
    "children":null,
    "parent":"n4"
  },
  {
    "id":"n11",
    "visits":15,
    "wins":12,
    "children":null,
    "parent":"n5"
  }
]