[
  {
    "function_name":"user-authentication",
    "timestamp":"2024-01-15T08:23:45.123Z",
    "duration_ms":145,
    "request_id":"a1b2c3d4-e5f6-4789-a012-b3c4d5e6f7g8"
  },
  {
    "function_name":"user-authentication",
    "timestamp":"2024-01-15T08:24:12.456Z",
    "duration_ms":167,
    "request_id":"b2c3d4e5-f6a7-4890-b123-c4d5e6f7a8b9"
  },
  {
    "function_name":"user-authentication",
    "timestamp":"2024-01-15T08:25:33.789Z",
    "duration_ms":134,
    "request_id":"c3d4e5f6-a7b8-4901-c234-d5e6f7a8b9c0"
  },
  {
    "function_name":"user-authentication",
    "timestamp":"2024-01-15T08:26:45.012Z",
    "duration_ms":156,
    "request_id":"d4e5f6a7-b8c9-4012-d345-e6f7a8b9c0d1"
  },
  {
    "function_name":"user-authentication",
    "timestamp":"2024-01-15T08:28:22.345Z",
    "duration_ms":189,
    "request_id":"e5f6a7b8-c9d0-4123-e456-f7a8b9c0d1e2"
  },
  {
    "function_name":"user-authentication",
    "timestamp":"2024-01-15T08:29:11.678Z",
    "duration_ms":143,
    "request_id":"f6a7b8c9-d0e1-4234-f567-a8b9c0d1e2f3"
  },
  {
    "function_name":"user-authentication",
    "timestamp":"2024-01-15T08:30:55.901Z",
    "duration_ms":178,
    "request_id":"a7b8c9d0-e1f2-4345-a678-b9c0d1e2f3a4"
  },
  {
    "function_name":"user-authentication",
    "timestamp":"2024-01-15T08:32:08.234Z",
    "duration_ms":152,
    "request_id":"b8c9d0e1-f2a3-4456-b789-c0d1e2f3a4b5"
  },
  {
    "function_name":"user-authentication",
    "timestamp":"2024-01-15T08:33:47.567Z",
    "duration_ms":198,
    "request_id":"c9d0e1f2-a3b4-4567-c890-d1e2f3a4b5c6"
  },
  {
    "function_name":"user-authentication",
    "timestamp":"2024-01-15T08:35:19.890Z",
    "duration_ms":161,
    "request_id":"d0e1f2a3-b4c5-4678-d901-e2f3a4b5c6d7"
  },
  {
    "function_name":"user-authentication",
    "timestamp":"2024-01-15T08:36:42.123Z",
    "duration_ms":174,
    "request_id":"e1f2a3b4-c5d6-4789-e012-f3a4b5c6d7e8"
  },
  {
    "function_name":"user-authentication",
    "timestamp":"2024-01-15T08:38:05.456Z",
    "duration_ms":139,
    "request_id":"f2a3b4c5-d6e7-4890-f123-a4b5c6d7e8f9"
  },
  {
    "function_name":"user-authentication",
    "timestamp":"2024-01-15T08:39:28.789Z",
    "duration_ms":186,
    "request_id":"a3b4c5d6-e7f8-4901-a234-b5c6d7e8f9a0"
  },
  {
    "function_name":"user-authentication",
    "timestamp":"2024-01-15T08:41:15.012Z",
    "duration_ms":149,
    "request_id":"b4c5d6e7-f8a9-4012-b345-c6d7e8f9a0b1"
  },
  {
    "function_name":"user-authentication",
    "timestamp":"2024-01-15T08:42:37.345Z",
    "duration_ms":203,
    "request_id":"c5d6e7f8-a9b0-4123-c456-d7e8f9a0b1c2"
  },
  {
    "function_name":"user-authentication",
    "timestamp":"2024-01-15T08:44:02.678Z",
    "duration_ms":158,
    "request_id":"d6e7f8a9-b0c1-4234-d567-e8f9a0b1c2d3"
  },
  {
    "function_name":"user-authentication",
    "timestamp":"2024-01-15T08:45:29.901Z",
    "duration_ms":171,
    "request_id":"e7f8a9b0-c1d2-4345-e678-f9a0b1c2d3e4"
  },
  {
    "function_name":"user-authentication",
    "timestamp":"2024-01-15T08:46:51.234Z",
    "duration_ms":192,
    "request_id":"f8a9b0c1-d2e3-4456-f789-a0b1c2d3e4f5"
  },
  {
    "function_name":"user-authentication",
    "timestamp":"2024-01-15T08:48:14.567Z",
    "duration_ms":147,
    "request_id":"a9b0c1d2-e3f4-4567-a890-b1c2d3e4f5a6"
  },
  {
    "function_name":"user-authentication",
    "timestamp":"2024-01-15T08:49:36.890Z",
    "duration_ms":165,
    "request_id":"b0c1d2e3-f4a5-4678-b901-c2d3e4f5a6b7"
  },
  {
    "function_name":"user-authentication",
    "timestamp":"2024-01-15T08:51:02.123Z",
    "duration_ms":181,
    "request_id":"c1d2e3f4-a5b6-4789-c012-d3e4f5a6b7c8"
  },
  {
    "function_name":"user-authentication",
    "timestamp":"2024-01-15T08:52:28.456Z",
    "duration_ms":154,
    "request_id":"d2e3f4a5-b6c7-4890-d123-e4f5a6b7c8d9"
  },
  {
    "function_name":"user-authentication",
    "timestamp":"2024-01-15T08:53:55.789Z",
    "duration_ms":169,
    "request_id":"e3f4a5b6-c7d8-4901-e234-f5a6b7c8d9e0"
  },
  {
    "function_name":"user-authentication",
    "timestamp":"2024-01-15T08:55:18.012Z",
    "duration_ms":196,
    "request_id":"f4a5b6c7-d8e9-4012-f345-a6b7c8d9e0f1"
  },
  {
    "function_name":"user-authentication",
    "timestamp":"2024-01-15T08:56:42.345Z",
    "duration_ms":142,
    "request_id":"a5b6c7d8-e9f0-4123-a456-b7c8d9e0f1a2"
  },
  {
    "function_name":"user-authentication",
    "timestamp":"2024-01-15T08:58:09.678Z",
    "duration_ms":176,
    "request_id":"b6c7d8e9-f0a1-4234-b567-c8d9e0f1a2b3"
  },
  {
    "function_name":"user-authentication",
    "timestamp":"2024-01-15T08:59:31.901Z",
    "duration_ms":163,
    "request_id":"c7d8e9f0-a1b2-4345-c678-d9e0f1a2b3c4"
  },
  {
    "function_name":"user-authentication",
    "timestamp":"2024-01-15T09:00:54.234Z",
    "duration_ms":188,
    "request_id":"d8e9f0a1-b2c3-4456-d789-e0f1a2b3c4d5"
  },
  {
    "function_name":"user-authentication",
    "timestamp":"2024-01-15T09:02:19.567Z",
    "duration_ms":151,
    "request_id":"e9f0a1b2-c3d4-4567-e890-f1a2b3c4d5e6"
  },
  {
    "function_name":"user-authentication",
    "timestamp":"2024-01-15T09:03:45.890Z",
    "duration_ms":207,
    "request_id":"f0a1b2c3-d4e5-4678-f901-a2b3c4d5e6f7"
  },
  {
    "function_name":"data-processor",
    "timestamp":"2024-01-15T08:24:15.123Z",
    "duration_ms":3456,
    "request_id":"a1a2a3a4-a5a6-4789-a012-a3a4a5a6a7a8"
  },
  {
    "function_name":"data-processor",
    "timestamp":"2024-01-15T08:25:42.456Z",
    "duration_ms":3789,
    "request_id":"b1b2b3b4-b5b6-4890-b123-b4b5b6b7b8b9"
  },
  {
    "function_name":"data-processor",
    "timestamp":"2024-01-15T08:27:08.789Z",
    "duration_ms":4123,
    "request_id":"c1c2c3c4-c5c6-4901-c234-c5c6c7c8c9c0"
  },
  {
    "function_name":"data-processor",
    "timestamp":"2024-01-15T08:28:35.012Z",
    "duration_ms":3654,
    "request_id":"d1d2d3d4-d5d6-4012-d345-d6d7d8d9d0d1"
  },
  {
    "function_name":"data-processor",
    "timestamp":"2024-01-15T08:30:02.345Z",
    "duration_ms":3987,
    "request_id":"e1e2e3e4-e5e6-4123-e456-e7e8e9e0e1e2"
  },
  {
    "function_name":"data-processor",
    "timestamp":"2024-01-15T08:31:29.678Z",
    "duration_ms":4234,
    "request_id":"f1f2f3f4-f5f6-4234-f567-f8f9f0f1f2f3"
  },
  {
    "function_name":"data-processor",
    "timestamp":"2024-01-15T08:32:56.901Z",
    "duration_ms":3578,
    "request_id":"a2a3a4a5-a6a7-4345-a678-a9a0a1a2a3a4"
  },
  {
    "function_name":"data-processor",
    "timestamp":"2024-01-15T08:34:23.234Z",
    "duration_ms":3812,
    "request_id":"b2b3b4b5-b6b7-4456-b789-b0b1b2b3b4b5"
  },
  {
    "function_name":"data-processor",
    "timestamp":"2024-01-15T08:35:50.567Z",
    "duration_ms":4056,
    "request_id":"c2c3c4c5-c6c7-4567-c890-c1c2c3c4c5c6"
  },
  {
    "function_name":"data-processor",
    "timestamp":"2024-01-15T08:37:17.890Z",
    "duration_ms":3723,
    "request_id":"d2d3d4d5-d6d7-4678-d901-d2d3d4d5d6d7"
  },
  {
    "function_name":"data-processor",
    "timestamp":"2024-01-15T08:38:44.123Z",
    "duration_ms":3945,
    "request_id":"e2e3e4e5-e6e7-4789-e012-e3e4e5e6e7e8"
  },
  {
    "function_name":"data-processor",
    "timestamp":"2024-01-15T08:40:11.456Z",
    "duration_ms":4167,
    "request_id":"f2f3f4f5-f6f7-4890-f123-f4f5f6f7f8f9"
  },
  {
    "function_name":"data-processor",
    "timestamp":"2024-01-15T08:41:38.789Z",
    "duration_ms":3601,
    "request_id":"a3a4a5a6-a7a8-4901-a234-a5a6a7a8a9a0"
  },
  {
    "function_name":"data-processor",
    "timestamp":"2024-01-15T08:43:05.012Z",
    "duration_ms":3834,
    "request_id":"b3b4b5b6-b7b8-4012-b345-b6b7b8b9b0b1"
  },
  {
    "function_name":"data-processor",
    "timestamp":"2024-01-15T08:44:32.345Z",
    "duration_ms":4089,
    "request_id":"c3c4c5c6-c7c8-4123-c456-c7c8c9c0c1c2"
  },
  {
    "function_name":"data-processor",
    "timestamp":"2024-01-15T08:46:00.678Z",
    "duration_ms":3689,
    "request_id":"d3d4d5d6-d7d8-4234-d567-d8d9d0d1d2d3"
  },
  {
    "function_name":"data-processor",
    "timestamp":"2024-01-15T08:47:27.901Z",
    "duration_ms":3921,
    "request_id":"e3e4e5e6-e7e8-4345-e678-e9e0e1e2e3e4"
  },
  {
    "function_name":"data-processor",
    "timestamp":"2024-01-15T08:48:54.234Z",
    "duration_ms":4201,
    "request_id":"f3f4f5f6-f7f8-4456-f789-f0f1f2f3f4f5"
  },
  {
    "function_name":"data-processor",
    "timestamp":"2024-01-15T08:50:21.567Z",
    "duration_ms":3567,
    "request_id":"a4a5a6a7-a8a9-4567-a890-a1a2a3a4a5a6"
  },
  {
    "function_name":"data-processor",
    "timestamp":"2024-01-15T08:51:48.890Z",
    "duration_ms":3798,
    "request_id":"b4b5b6b7-b8b9-4678-b901-b2b3b4b5b6b7"
  },
  {
    "function_name":"data-processor",
    "timestamp":"2024-01-15T08:53:15.123Z",
    "duration_ms":4012,
    "request_id":"c4c5c6c7-c8c9-4789-c012-c3c4c5c6c7c8"
  },
  {
    "function_name":"data-processor",
    "timestamp":"2024-01-15T08:54:42.456Z",
    "duration_ms":3712,
    "request_id":"d4d5d6d7-d8d9-4890-d123-d4d5d6d7d8d9"
  },
  {
    "function_name":"data-processor",
    "timestamp":"2024-01-15T08:56:09.789Z",
    "duration_ms":3889,
    "request_id":"e4e5e6e7-e8e9-4901-e234-e5e6e7e8e9e0"
  },
  {
    "function_name":"data-processor",
    "timestamp":"2024-01-15T08:57:37.012Z",
    "duration_ms":4145,
    "request_id":"f4f5f6f7-f8f9-4012-f345-f6f7f8f9f0f1"
  },
  {
    "function_name":"data-processor",
    "timestamp":"2024-01-15T08:59:04.345Z",
    "duration_ms":3645,
    "request_id":"a5a6a7a8-a9a0-4123-a456-a7a8a9a0a1a2"
  },
  {
    "function_name":"data-processor",
    "timestamp":"2024-01-15T09:00:31.678Z",
    "duration_ms":3876,
    "request_id":"b5b6b7b8-b9b0-4234-b567-b8b9b0b1b2b3"
  },
  {
    "function_name":"data-processor",
    "timestamp":"2024-01-15T09:01:58.901Z",
    "duration_ms":4023,
    "request_id":"c5c6c7c8-c9c0-4345-c678-c9c0c1c2c3c4"
  },
  {
    "function_name":"data-processor",
    "timestamp":"2024-01-15T09:03:26.234Z",
    "duration_ms":3734,
    "request_id":"d5d6d7d8-d9d0-4456-d789-d0d1d2d3d4d5"
  },
  {
    "function_name":"data-processor",
    "timestamp":"2024-01-15T09:04:53.567Z",
    "duration_ms":3956,
    "request_id":"e5e6e7e8-e9e0-4567-e890-e1e2e3e4e5e6"
  },
  {
    "function_name":"data-processor",
    "timestamp":"2024-01-15T09:06:20.890Z",
    "duration_ms":4178,
    "request_id":"f5f6f7f8-f9f0-4678-f901-f2f3f4f5f6f7"
  },
  {
    "function_name":"email-sender",
    "timestamp":"2024-01-15T08:23:30.123Z",
    "duration_ms":234,
    "request_id":"11112222-3333-4444-5555-666677778888"
  },
  {
    "function_name":"email-sender",
    "timestamp":"2024-01-15T08:25:15.456Z",
    "duration_ms":267,
    "request_id":"22223333-4444-5555-6666-777788889999"
  },
  {
    "function_name":"email-sender",
    "timestamp":"2024-01-15T08:27:02.789Z",
    "duration_ms":198,
    "request_id":"33334444-5555-6666-7777-888899990000"
  },
  {
    "function_name":"email-sender",
    "timestamp":"2024-01-15T08:28:48.012Z",
    "duration_ms":245,
    "request_id":"44445555-6666-7777-8888-999900001111"
  },
  {
    "function_name":"email-sender",
    "timestamp":"2024-01-15T08:30:34.345Z",
    "duration_ms":289,
    "request_id":"55556666-7777-8888-9999-000011112222"
  },
  {
    "function_name":"email-sender",
    "timestamp":"2024-01-15T08:32:20.678Z",
    "duration_ms":212,
    "request_id":"66667777-8888-9999-0000-111122223333"
  },
  {
    "function_name":"email-sender",
    "timestamp":"2024-01-15T08:34:06.901Z",
    "duration_ms":256,
    "request_id":"77778888-9999-0000-1111-222233334444"
  },
  {
    "function_name":"email-sender",
    "timestamp":"2024-01-15T08:35:52.234Z",
    "duration_ms":278,
    "request_id":"88889999-0000-1111-2222-333344445555"
  },
  {
    "function_name":"email-sender",
    "timestamp":"2024-01-15T08:37:38.567Z",
    "duration_ms":223,
    "request_id":"99990000-1111-2222-3333-444455556666"
  },
  {
    "function_name":"email-sender",
    "timestamp":"2024-01-15T08:39:24.890Z",
    "duration_ms":241,
    "request_id":"00001111-2222-3333-4444-555566667777"
  },
  {
    "function_name":"email-sender",
    "timestamp":"2024-01-15T08:41:10.123Z",
    "duration_ms":295,
    "request_id":"11112222-3333-4444-5555-666677778889"
  },
  {
    "function_name":"email-sender",
    "timestamp":"2024-01-15T08:42:56.456Z",
    "duration_ms":207,
    "request_id":"22223333-4444-5555-6666-777788889990"
  },
  {
    "function_name":"email-sender",
    "timestamp":"2024-01-15T08:44:42.789Z",
    "duration_ms":269,
    "request_id":"33334444-5555-6666-7777-888899990001"
  },
  {
    "function_name":"email-sender",
    "timestamp":"2024-01-15T08:46:28.012Z",
    "duration_ms":251,
    "request_id":"44445555-6666-7777-8888-999900001112"
  },
  {
    "function_name":"email-sender",
    "timestamp":"2024-01-15T08:48:14.345Z",
    "duration_ms":238,
    "request_id":"55556666-7777-8888-9999-000011112223"
  },
  {
    "function_name":"email-sender",
    "timestamp":"2024-01-15T08:50:00.678Z",
    "duration_ms":283,
    "request_id":"66667777-8888-9999-0000-111122223334"
  },
  {
    "function_name":"email-sender",
    "timestamp":"2024-01-15T08:51:46.901Z",
    "duration_ms":219,
    "request_id":"77778888-9999-0000-1111-222233334445"
  },
  {
    "function_name":"email-sender",
    "timestamp":"2024-01-15T08:53:32.234Z",
    "duration_ms":262,
    "request_id":"88889999-0000-1111-2222-333344445556"
  },
  {
    "function_name":"email-sender",
    "timestamp":"2024-01-15T08:55:18.567Z",
    "duration_ms":274,
    "request_id":"99990000-1111-2222-3333-444455556667"
  },
  {
    "function_name":"email-sender",
    "timestamp":"2024-01-15T08:57:04.890Z",
    "duration_ms":229,
    "request_id":"00001111-2222-3333-4444-555566667778"
  },
  {
    "function_name":"email-sender",
    "timestamp":"2024-01-15T08:58:50.123Z",
    "duration_ms":246,
    "request_id":"11112222-3333-4444-5555-666677778890"
  },
  {
    "function_name":"email-sender",
    "timestamp":"2024-01-15T09:00:36.456Z",
    "duration_ms":291,
    "request_id":"22223333-4444-5555-6666-777788889991"
  },
  {
    "function_name":"email-sender",
    "timestamp":"2024-01-15T09:02:22.789Z",
    "duration_ms":215,
    "request_id":"33334444-5555-6666-7777-888899990002"
  },
  {
    "function_name":"email-sender",
    "timestamp":"2024-01-15T09:04:08.012Z",
    "duration_ms":258,
    "request_id":"44445555-6666-7777-8888-999900001113"
  },
  {
    "function_name":"email-sender",
    "timestamp":"2024-01-15T09:05:54.345Z",
    "duration_ms":271,
    "request_id":"55556666-7777-8888-9999-000011112224"
  },
  {
    "function_name":"email-sender",
    "timestamp":"2024-01-15T09:07:40.678Z",
    "duration_ms":226,
    "request_id":"66667777-8888-9999-0000-111122223335"
  },
  {
    "function_name":"email-sender",
    "timestamp":"2024-01-15T09:09:26.901Z",
    "duration_ms":243,
    "request_id":"77778888-9999-0000-1111-222233334446"
  },
  {
    "function_name":"email-sender",
    "timestamp":"2024-01-15T09:11:12.234Z",
    "duration_ms":287,
    "request_id":"88889999-0000-1111-2222-333344445557"
  },
  {
    "function_name":"email-sender",
    "timestamp":"2024-01-15T09:13:00.567Z",
    "duration_ms":209,
    "request_id":"99990000-1111-2222-3333-444455556668"
  },
  {
    "function_name":"email-sender",
    "timestamp":"2024-01-15T09:14:46.890Z",
    "duration_ms":264,
    "request_id":"00001111-2222-3333-4444-555566667779"
  },
  {
    "function_name":"image-resizer",
    "timestamp":"2024-01-15T08:24:00.123Z",
    "duration_ms":1234,
    "request_id":"aa11bb22-cc33-dd44-ee55-ff6677889900"
  },
  {
    "function_name":"image-resizer",
    "timestamp":"2024-01-15T08:25:30.456Z",
    "duration_ms":1567,
    "request_id":"bb22cc33-dd44-ee55-ff66-778899001122"
  },
  {
    "function_name":"image-resizer",
    "timestamp":"2024-01-15T08:27:00.789Z",
    "duration_ms":1389,
    "request_id":"cc33dd44-ee55-ff66-7788-990011223344"
  },
  {
    "function_name":"image-resizer",
    "timestamp":"2024-01-15T08:28:30.012Z",
    "duration_ms":1678,
    "request_id":"dd44ee55-ff66-7788-9900-112233445566"
  },
  {
    "function_name":"image-resizer",
    "timestamp":"2024-01-15T08:30:00.345Z",
    "duration_ms":1456,
    "request_id":"ee55ff66-7788-9900-1122-334455667788"
  },
  {
    "function_name":"image-resizer",
    "timestamp":"2024-01-15T08:31:30.678Z",
    "duration_ms":1789,
    "request_id":"ff667788-9900-1122-3344-556677889900"
  },
  {
    "function_name":"image-resizer",
    "timestamp":"2024-01-15T08:33:00.901Z",
    "duration_ms":1512,
    "request_id":"aa22bb33-cc44-dd55-ee66-ff7788990011"
  },
  {
    "function_name":"image-resizer",
    "timestamp":"2024-01-15T08:34:30.234Z",
    "duration_ms":1634,
    "request_id":"bb33cc44-dd55-ee66-ff77-889900112233"
  },
  {
    "function_name":"image-resizer",
    "timestamp":"2024-01-15T08:36:00.567Z",
    "duration_ms":1423,
    "request_id":"cc44dd55-ee66-ff77-8899-001122334455"
  },
  {
    "function_name":"image-resizer",
    "timestamp":"2024-01-15T08:37:30.890Z",
    "duration_ms":1701,
    "request_id":"dd55ee66-ff77-8899-0011-223344556677"
  },
  {
    "function_name":"image-resizer",
    "timestamp":"2024-01-15T08:39:00.123Z",
    "duration_ms":1545,
    "request_id":"ee66ff77-8899-0011-2233-445566778899"
  },
  {
    "function_name":"image-resizer",
    "timestamp":"2024-01-15T08:40:30.456Z",
    "duration_ms":1812,
    "request_id":"ff778899-0011-2233-4455-667788990011"
  },
  {
    "function_name":"image-resizer",
    "timestamp":"2024-01-15T08:42:00.789Z",
    "duration_ms":1378,
    "request_id":"aa33bb44-cc55-dd66-ee77-ff8899001122"
  },
  {
    "function_name":"image-resizer",
    "timestamp":"2024-01-15T08:43:30.012Z",
    "duration_ms":1589,
    "request_id":"bb44cc55-dd66-ee77-ff88-990011223344"
  },
  {
    "function_name":"image-resizer",
    "timestamp":"2024-01-15T08:45:00.345Z",
    "duration_ms":1467,
    "request_id":"cc55dd66-ee77-ff88-9900-112233445566"
  },
  {
    "function_name":"image-resizer",
    "timestamp":"2024-01-15T08:46:30.678Z",
    "duration_ms":1723,
    "request_id":"dd66ee77-ff88-9900-1122-334455667788"
  },
  {
    "function_name":"image-resizer",
    "timestamp":"2024-01-15T08:48:00.901Z",
    "duration_ms":1501,
    "request_id":"ee77ff88-9900-1122-3344-556677889900"
  },
  {
    "function_name":"image-resizer",
    "timestamp":"2024-01-15T08:49:30.234Z",
    "duration_ms":1645,
    "request_id":"ff889900-1122-3344-5566-778899001122"
  },
  {
    "function_name":"image-resizer",
    "timestamp":"2024-01-15T08:51:00.567Z",
    "duration_ms":1434,
    "request_id":"aa44bb55-cc66-dd77-ee88-ff9900112233"
  },
  {
    "function_name":"image-resizer",
    "timestamp":"2024-01-15T08:52:30.890Z",
    "duration_ms":1756,
    "request_id":"bb55cc66-dd77-ee88-ff99-001122334455"
  },
  {
    "function_name":"image-resizer",
    "timestamp":"2024-01-15T08:54:00.123Z",
    "duration_ms":1523,
    "request_id":"cc66dd77-ee88-ff99-0011-223344556677"
  },
  {
    "function_name":"image-resizer",
    "timestamp":"2024-01-15T08:55:30.456Z",
    "duration_ms":1678,
    "request_id":"dd77ee88-ff99-0011-2233-445566778899"
  },
  {
    "function_name":"image-resizer",
    "timestamp":"2024-01-15T08:57:00.789Z",
    "duration_ms":1401,
    "request_id":"ee88ff99-0011-2233-4455-667788990011"
  },
  {
    "function_name":"image-resizer",
    "timestamp":"2024-01-15T08:58:30.012Z",
    "duration_ms":1734,
    "request_id":"ff990011-2233-4455-6677-889900112233"
  },
  {
    "function_name":"image-resizer",
    "timestamp":"2024-01-15T09:00:00.345Z",
    "duration_ms":1556,
    "request_id":"aa55bb66-cc77-dd88-ee99-ff0011223344"
  },
  {
    "function_name":"image-resizer",
    "timestamp":"2024-01-15T09:01:30.678Z",
    "duration_ms":1689,
    "request_id":"bb66cc77-dd88-ee99-ff00-112233445566"
  },
  {
    "function_name":"image-resizer",
    "timestamp":"2024-01-15T09:03:00.901Z",
    "duration_ms":1478,
    "request_id":"cc77dd88-ee99-ff00-1122-334455667788"
  },
  {
    "function_name":"image-resizer",
    "timestamp":"2024-01-15T09:04:30.234Z",
    "duration_ms":1612,
    "request_id":"dd88ee99-ff00-1122-3334-455667788990"
  },
  {
    "function_name":"image-resizer",
    "timestamp":"2024-01-15T09:06:00.567Z",
    "duration_ms":1445,
    "request_id":"ee99ff00-1122-3344-5566-778899001122"
  },
  {
    "function_name":"image-resizer",
    "timestamp":"2024-01-15T09:07:30.890Z",
    "duration_ms":1767,
    "request_id":"ff001122-3344-5566-7788-990011223344"
  },
  {
    "function_name":"report-generator",
    "timestamp":"2024-01-15T08:25:00.123Z",
    "duration_ms":8234,
    "request_id":"rr11pp22-oo33-rr44-tt55-gg6677889900"
  },
  {
    "function_name":"report-generator",
    "timestamp":"2024-01-15T08:26:45.456Z",
    "duration_ms":9567,
    "request_id":"pp22oo33-rr44-tt55-gg66-778899001122"
  },
  {
    "function_name":"report-generator",
    "timestamp":"2024-01-15T08:28:30.789Z",
    "duration_ms":7891,
    "request_id":"oo33rr44-tt55-gg66-7788-990011223344"
  },
  {
    "function_name":"report-generator",
    "timestamp":"2024-01-15T08:30:15.012Z",
    "duration_ms":10234,
    "request_id":"rr44tt55-gg66-7788-9900-112233445566"
  },
  {
    "function_name":"report-generator",
    "timestamp":"2024-01-15T08:32:00.345Z",
    "duration_ms":8678,
    "request_id":"tt55gg66-7788-9900-1122-334455667788"
  },
  {
    "function_name":"report-generator",
    "timestamp":"2024-01-15T08:33:45.678Z",
    "duration_ms":9123,
    "request_id":"gg667788-9900-1122-3344-556677889900"
  },
  {
    "function_name":"report-generator",
    "timestamp":"2024-01-15T08:35:30.901Z",
    "duration_ms":8456,
    "request_id":"rr22pp33-oo44-rr55-tt66-gg7788990011"
  },
  {
    "function_name":"report-generator",
    "timestamp":"2024-01-15T08:37:15.234Z",
    "duration_ms":9789,
    "request_id":"pp33oo44-rr55-tt66-gg77-889900112233"
  },
  {
    "function_name":"report-generator",
    "timestamp":"2024-01-15T08:39:00.567Z",
    "duration_ms":8012,
    "request_id":"oo44rr55-tt66-gg77-8899-001122334455"
  },
  {
    "function_name":"report-generator",
    "timestamp":"2024-01-15T08:40:45.890Z",
    "duration_ms":10456,
    "request_id":"rr55tt66-gg77-8899-0011-223344556677"
  },
  {
    "function_name":"report-generator",
    "timestamp":"2024-01-15T08:42:30.123Z",
    "duration_ms":8901,
    "request_id":"tt66gg77-8899-0011-2233-445566778899"
  },
  {
    "function_name":"report-generator",
    "timestamp":"2024-01-15T08:44:15.456Z",
    "duration_ms":9345,
    "request_id":"gg778899-0011-2233-4455-667788990011"
  },
  {
    "function_name":"report-generator",
    "timestamp":"2024-01-15T08:46:00.789Z",
    "duration_ms":7723,
    "request_id":"rr33pp44-oo55-rr66-tt77-gg8899001122"
  },
  {
    "function_name":"report-generator",
    "timestamp":"2024-01-15T08:47:45.012Z",
    "duration_ms":9678,
    "request_id":"pp44oo55-rr66-tt77-gg88-990011223344"
  },
  {
    "function_name":"report-generator",
    "timestamp":"2024-01-15T08:49:30.345Z",
    "duration_ms":8234,
    "request_id":"oo55rr66-tt77-gg88-9900-112233445566"
  },
  {
    "function_name":"report-generator",
    "timestamp":"2024-01-15T08:51:15.678Z",
    "duration_ms":10123,
    "request_id":"rr66tt77-gg88-9900-1122-334455667788"
  },
  {
    "function_name":"report-generator",
    "timestamp":"2024-01-15T08:53:00.901Z",
    "duration_ms":8567,
    "request_id":"tt77gg88-9900-1122-3344-556677889900"
  },
  {
    "function_name":"report-generator",
    "timestamp":"2024-01-15T08:54:45.234Z",
    "duration_ms":9234,
    "request_id":"gg889900-1122-3344-5566-778899001122"
  },
  {
    "function_name":"report-generator",
    "timestamp":"2024-01-15T08:56:30.567Z",
    "duration_ms":7956,
    "request_id":"rr44pp55-oo66-rr77-tt88-gg9900112233"
  },
  {
    "function_name":"report-generator",
    "timestamp":"2024-01-15T08:58:15.890Z",
    "duration_ms":9890,
    "request_id":"pp55oo66-rr77-tt88-gg99-001122334455"
  },
  {
    "function_name":"report-generator",
    "timestamp":"2024-01-15T09:00:00.123Z",
    "duration_ms":8345,
    "request_id":"oo66rr77-tt88-gg99-0011-223344556677"
  },
  {
    "function_name":"report-generator",
    "timestamp":"2024-01-15T09:01:45.456Z",
    "duration_ms":10567,
    "request_id":"rr77tt88-gg99-0011-2233-445566778899"
  },
  {
    "function_name":"report-generator",
    "timestamp":"2024-01-15T09:03:30.789Z",
    "duration_ms":8712,
    "request_id":"tt88gg99-0011-2233-4455-667788990011"
  },
  {
    "function_name":"report-generator",
    "timestamp":"2024-01-15T09:05:15.012Z",
    "duration_ms":9456,
    "request_id":"gg990011-2233-4455-6677-889900112233"
  },
  {
    "function_name":"report-generator",
    "timestamp":"2024-01-15T09:07:00.345Z",
    "duration_ms":8089,
    "request_id":"rr55pp66-oo77-rr88-tt99-gg0011223344"
  },
  {
    "function_name":"report-generator",
    "timestamp":"2024-01-15T09:08:45.678Z",
    "duration_ms":9801,
    "request_id":"pp66oo77-rr88-tt99-gg00-112233445566"
  },
  {
    "function_name":"report-generator",
    "timestamp":"2024-01-15T09:10:30.901Z",
    "duration_ms":8423,
    "request_id":"oo77rr88-tt99-gg00-1122-334455667788"
  },
  {
    "function_name":"report-generator",
    "timestamp":"2024-01-15T09:12:15.234Z",
    "duration_ms":10345,
    "request_id":"rr88tt99-gg00-1122-3344-556677889900"
  },
  {
    "function_name":"report-generator",
    "timestamp":"2024-01-15T09:14:00.567Z",
    "duration_ms":8678,
    "request_id":"tt99gg00-1122-3344-5566-778899001122"
  },
  {
    "function_name":"report-generator",
    "timestamp":"2024-01-15T09:15:45.890Z",
    "duration_ms":9567,
    "request_id":"gg001122-3344-5566-7788-990011223344"
  },
  {
    "function_name":"payment-handler",
    "timestamp":"2024-01-15T08:23:15.123Z",
    "duration_ms":2134,
    "request_id":"pm11hh22-aa33-nn44-dd55-ll6677889900"
  },
  {
    "function_name":"payment-handler",
    "timestamp":"2024-01-15T08:24:45.456Z",
    "duration_ms":2567,
    "request_id":"hh22aa33-nn44-dd55-ll66-778899001122"
  },
  {
    "function_name":"payment-handler",
    "timestamp":"2024-01-15T08:26:15.789Z",
    "duration_ms":2389,
    "request_id":"aa33nn44-dd55-ll66-7788-990011223344"
  },
  {
    "function_name":"payment-handler",
    "timestamp":"2024-01-15T08:27:45.012Z",
    "duration_ms":2678,
    "request_id":"nn44dd55-ll66-7788-9900-112233445566"
  },
  {
    "function_name":"payment-handler",
    "timestamp":"2024-01-15T08:29:15.345Z",
    "duration_ms":2456,
    "request_id":"dd55ll66-7788-9900-1122-334455667788"
  },
  {
    "function_name":"payment-handler",
    "timestamp":"2024-01-15T08:30:45.678Z",
    "duration_ms":2789,
    "request_id":"ll667788-9900-1122-3344-556677889900"
  },
  {
    "function_name":"payment-handler",
    "timestamp":"2024-01-15T08:32:15.901Z",
    "duration_ms":2512,
    "request_id":"pm22hh33-aa44-nn55-dd66-ll7788990011"
  },
  {
    "function_name":"payment-handler",
    "timestamp":"2024-01-15T08:33:45.234Z",
    "duration_ms":2634,
    "request_id":"hh33aa44-nn55-dd66-ll77-889900112233"
  },
  {
    "function_name":"payment-handler",
    "timestamp":"2024-01-15T08:35:15.567Z",
    "duration_ms":2423,
    "request_id":"aa44nn55-dd66-ll77-8899-001122334455"
  },
  {
    "function_name":"payment-handler",
    "timestamp":"2024-01-15T08:36:45.890Z",
    "duration_ms":2701,
    "request_id":"nn55dd66-ll77-8899-0011-223344556677"
  },
  {
    "function_name":"payment-handler",
    "timestamp":"2024-01-15T08:38:15.123Z",
    "duration_ms":2545,
    "request_id":"dd66ll77-8899-0011-2233-445566778899"
  },
  {
    "function_name":"payment-handler",
    "timestamp":"2024-01-15T08:39:45.456Z",
    "duration_ms":2812,
    "request_id":"ll778899-0011-2233-4455-667788990011"
  },
  {
    "function_name":"payment-handler",
    "timestamp":"2024-01-15T08:41:15.789Z",
    "duration_ms":2378,
    "request_id":"pm33hh44-aa55-nn66-dd77-ll8899001122"
  },
  {
    "function_name":"payment-handler",
    "timestamp":"2024-01-15T08:42:45.012Z",
    "duration_ms":2589,
    "request_id":"hh44aa55-nn66-dd77-ll88-990011223344"
  },
  {
    "function_name":"payment-handler",
    "timestamp":"2024-01-15T08:44:15.345Z",
    "duration_ms":2467,
    "request_id":"aa55nn66-dd77-ll88-9900-112233445566"
  },
  {
    "function_name":"payment-handler",
    "timestamp":"2024-01-15T08:45:45.678Z",
    "duration_ms":2723,
    "request_id":"nn66dd77-ll88-9900-1122-334455667788"
  },
  {
    "function_name":"payment-handler",
    "timestamp":"2024-01-15T08:47:15.901Z",
    "duration_ms":2501,
    "request_id":"dd77ll88-9900-1122-3344-556677889900"
  },
  {
    "function_name":"payment-handler",
    "timestamp":"2024-01-15T08:48:45.234Z",
    "duration_ms":2645,
    "request_id":"ll889900-1122-3344-5566-778899001122"
  },
  {
    "function_name":"payment-handler",
    "timestamp":"2024-01-15T08:50:15.567Z",
    "duration_ms":2434,
    "request_id":"pm44hh55-aa66-nn77-dd88-ll9900112233"
  },
  {
    "function_name":"payment-handler",
    "timestamp":"2024-01-15T08:51:45.890Z",
    "duration_ms":2756,
    "request_id":"hh55aa66-nn77-dd88-ll99-001122334455"
  },
  {
    "function_name":"payment-handler",
    "timestamp":"2024-01-15T08:53:15.123Z",
    "duration_ms":2523,
    "request_id":"aa66nn77-dd88-ll99-0011-223344556677"
  },
  {
    "function_name":"payment-handler",
    "timestamp":"2024-01-15T08:54:45.456Z",
    "duration_ms":2678,
    "request_id":"nn77dd88-ll99-0011-2233-445566778899"
  },
  {
    "function_name":"payment-handler",
    "timestamp":"2024-01-15T08:56:15.789Z",
    "duration_ms":2401,
    "request_id":"dd88ll99-0011-2233-4455-667788990011"
  },
  {
    "function_name":"payment-handler",
    "timestamp":"2024-01-15T08:57:45.012Z",
    "duration_ms":2734,
    "request_id":"ll990011-2233-4455-6677-889900112233"
  },
  {
    "function_name":"payment-handler",
    "timestamp":"2024-01-15T08:59:15.345Z",
    "duration_ms":2556,
    "request_id":"pm55hh66-aa77-nn88-dd99-ll0011223344"
  },
  {
    "function_name":"payment-handler",
    "timestamp":"2024-01-15T09:00:45.678Z",
    "duration_ms":2689,
    "request_id":"hh66aa77-nn88-dd99-ll00-112233445566"
  },
  {
    "function_name":"payment-handler",
    "timestamp":"2024-01-15T09:02:15.901Z",
    "duration_ms":2478,
    "request_id":"aa77nn88-dd99-ll00-1122-334455667788"
  },
  {
    "function_name":"payment-handler",
    "timestamp":"2024-01-15T09:03:45.234Z",
    "duration_ms":2612,
    "request_id":"nn88dd99-ll00-1122-3344-556677889900"
  },
  {
    "function_name":"payment-handler",
    "timestamp":"2024-01-15T09:05:15.567Z",
    "duration_ms":2445,
    "request_id":"dd99ll00-1122-3344-5566-778899001122"
  },
  {
    "function_name":"payment-handler",
    "timestamp":"2024-01-15T09:06:45.890Z",
    "duration_ms":2767,
    "request_id":"ll001122-3344-5566-7788-990011223344"
  },
  {
    "function_name":"notification-service",
    "timestamp":"2024-01-15T08:23:00.123Z",
    "duration_ms":456,
    "request_id":"nt11ff22-ii33-cc44-aa55-tt6677889900"
  },
  {
    "function_name":"notification-service",
    "timestamp":"2024-01-15T08:24:30.456Z",
    "duration_ms":523,
    "request_id":"ff22ii33-cc44-aa55-tt66-778899001122"
  },
  {
    "function_name":"notification-service",
    "timestamp":"2024-01-15T08:26:00.789Z",
    "duration_ms":489,
    "request_id":"ii33cc44-aa55-tt66-7788-990011223344"
  },
  {
    "function_name":"notification-service",
    "timestamp":"2024-01-15T08:27:30.012Z",
    "duration_ms":567,
    "request_id":"cc44aa55-tt66-7788-9900-112233445566"
  },
  {
    "function_name":"notification-service",
    "timestamp":"2024-01-15T08:29:00.345Z",
    "duration_ms":512,
    "request_id":"aa55tt66-7788-9900-1122-334455667788"
  },
  {
    "function_name":"notification-service",
    "timestamp":"2024-01-15T08:30:30.678Z",
    "duration_ms":601,
    "request_id":"tt667788-9900-1122-3344-556677889900"
  },
  {
    "function_name":"notification-service",
    "timestamp":"2024-01-15T08:32:00.901Z",
    "duration_ms":478,
    "request_id":"nt22ff33-ii44-cc55-aa66-tt7788990011"
  },
  {
    "function_name":"notification-service",
    "timestamp":"2024-01-15T08:33:30.234Z",
    "duration_ms":534,
    "request_id":"ff33ii44-cc55-aa66-tt77-889900112233"
  },
  {
    "function_name":"notification-service",
    "timestamp":"2024-01-15T08:35:00.567Z",
    "duration_ms":498,
    "request_id":"ii44cc55-aa66-tt77-8899-001122334455"
  },
  {
    "function_name":"notification-service",
    "timestamp":"2024-01-15T08:36:30.890Z",
    "duration_ms":578,
    "request_id":"cc55aa66-tt77-8899-0011-223344556677"
  },
  {
    "function_name":"notification-service",
    "timestamp":"2024-01-15T08:38:00.123Z",
    "duration_ms":521,
    "request_id":"aa66tt77-8899-0011-2233-445566778899"
  },
  {
    "function_name":"notification-service",
    "timestamp":"2024-01-15T08:39:30.456Z",
    "duration_ms":612,
    "request_id":"tt778899-0011-2233-4455-667788990011"
  },
  {
    "function_name":"notification-service",
    "timestamp":"2024-01-15T08:41:00.789Z",
    "duration_ms":467,
    "request_id":"nt33ff44-ii55-cc66-aa77-tt8899001122"
  },
  {
    "function_name":"notification-service",
    "timestamp":"2024-01-15T08:42:30.012Z",
    "duration_ms":545,
    "request_id":"ff44ii55-cc66-aa77-tt88-990011223344"
  },
  {
    "function_name":"notification-service",
    "timestamp":"2024-01-15T08:44:00.345Z",
    "duration_ms":501,
    "request_id":"ii55cc66-aa77-tt88-9900-112233445566"
  },
  {
    "function_name":"notification-service",
    "timestamp":"2024-01-15T08:45:30.678Z",
    "duration_ms":589,
    "request_id":"cc66aa77-tt88-9900-1122-334455667788"
  },
  {
    "function_name":"notification-service",
    "timestamp":"2024-01-15T08:47:00.901Z",
    "duration_ms":518,
    "request_id":"aa77tt88-9900-1122-3344-556677889900"
  },
  {
    "function_name":"notification-service",
    "timestamp":"2024-01-15T08:48:30.234Z",
    "duration_ms":623,
    "request_id":"tt889900-1122-3344-5566-778899001122"
  },
  {
    "function_name":"notification-service",
    "timestamp":"2024-01-15T08:50:00.567Z",
    "duration_ms":472,
    "request_id":"nt44ff55-ii66-cc77-aa88-tt9900112233"
  },
  {
    "function_name":"notification-service",
    "timestamp":"2024-01-15T08:51:30.890Z",
    "duration_ms":556,
    "request_id":"ff55ii66-cc77-aa88-tt99-001122334455"
  },
  {
    "function_name":"notification-service",
    "timestamp":"2024-01-15T08:53:00.123Z",
    "duration_ms":507,
    "request_id":"ii66cc77-aa88-tt99-0011-223344556677"
  },
  {
    "function_name":"notification-service",
    "timestamp":"2024-01-15T08:54:30.456Z",
    "duration_ms":595,
    "request_id":"cc77aa88-tt99-0011-2233-445566778899"
  },
  {
    "function_name":"notification-service",
    "timestamp":"2024-01-15T08:56:00.789Z",
    "duration_ms":525,
    "request_id":"aa88tt99-0011-2233-4455-667788990011"
  },
  {
    "function_name":"notification-service",
    "timestamp":"2024-01-15T08:57:30.012Z",
    "duration_ms":634,
    "request_id":"tt990011-2233-4455-6677-889900112233"
  },
  {
    "function_name":"notification-service",
    "timestamp":"2024-01-15T08:59:00.345Z",
    "duration_ms":481,
    "request_id":"nt55ff66-ii77-cc88-aa99-tt0011223344"
  },
  {
    "function_name":"notification-service",
    "timestamp":"2024-01-15T09:00:30.678Z",
    "duration_ms":567,
    "request_id":"ff66ii77-cc88-aa99-tt00-112233445566"
  },
  {
    "function_name":"notification-service",
    "timestamp":"2024-01-15T09:02:00.901Z",
    "duration_ms":512,
    "request_id":"ii77cc88-aa99-tt00-1122-334455667788"
  },
  {
    "function_name":"notification-service",
    "timestamp":"2024-01-15T09:03:30.234Z",
    "duration_ms":603,
    "request_id":"cc88aa99-tt00-1122-3344-556677889900"
  },
  {
    "function_name":"notification-service",
    "timestamp":"2024-01-15T09:05:00.567Z",
    "duration_ms":531,
    "request_id":"aa99tt00-1122-3344-5566-778899001122"
  },
  {
    "function_name":"notification-service",
    "timestamp":"2024-01-15T09:06:30.890Z",
    "duration_ms":645,
    "request_id":"tt001122-3344-5566-7788-990011223344"
  }
]