[
  {
    "I need to analyze the schema files to determine backward compatibility. Let me start by examining the existing schemas and then create the compatibility report.":"<read_file>"
  },
  {
    "I need to analyze the schema files to determine backward compatibility. Let me start by examining the existing schemas and then create the compatibility report.":"<path>\/workspace\/schemas<\/path>"
  },
  {
    "I need to analyze the schema files to determine backward compatibility. Let me start by examining the existing schemas and then create the compatibility report.":"<\/read_file>"
  },
  {
    "I need to analyze the schema files to determine backward compatibility. Let me start by examining the existing schemas and then create the compatibility report.":"<read_file>"
  },
  {
    "I need to analyze the schema files to determine backward compatibility. Let me start by examining the existing schemas and then create the compatibility report.":"<path>\/workspace\/schemas\/v1_schema.json<\/path>"
  },
  {
    "I need to analyze the schema files to determine backward compatibility. Let me start by examining the existing schemas and then create the compatibility report.":"<\/read_file>"
  },
  {
    "I need to analyze the schema files to determine backward compatibility. Let me start by examining the existing schemas and then create the compatibility report.":"<read_file>"
  },
  {
    "I need to analyze the schema files to determine backward compatibility. Let me start by examining the existing schemas and then create the compatibility report.":"<path>\/workspace\/schemas\/v2_schema.json<\/path>"
  },
  {
    "I need to analyze the schema files to determine backward compatibility. Let me start by examining the existing schemas and then create the compatibility report.":"<\/read_file>"
  },
  {
    "I need to analyze the schema files to determine backward compatibility. Let me start by examining the existing schemas and then create the compatibility report.":"<read_file>"
  },
  {
    "I need to analyze the schema files to determine backward compatibility. Let me start by examining the existing schemas and then create the compatibility report.":"<path>\/workspace\/schemas\/v3_proposed.json<\/path>"
  },
  {
    "I need to analyze the schema files to determine backward compatibility. Let me start by examining the existing schemas and then create the compatibility report.":"<\/read_file>"
  },
  {
    "I need to analyze the schema files to determine backward compatibility. Let me start by examining the existing schemas and then create the compatibility report.":"Let me create the v2_schema.json file first as specified in the requirements:"
  },
  {
    "I need to analyze the schema files to determine backward compatibility. Let me start by examining the existing schemas and then create the compatibility report.":"<write_file>"
  },
  {
    "I need to analyze the schema files to determine backward compatibility. Let me start by examining the existing schemas and then create the compatibility report.":"<path>\/workspace\/schemas\/v2_schema.json<\/path>"
  },
  {
    "I need to analyze the schema files to determine backward compatibility. Let me start by examining the existing schemas and then create the compatibility report.":"<content>{"
  },
  {
    "I need to analyze the schema files to determine backward compatibility. Let me start by examining the existing schemas and then create the compatibility report.":"  \"fields\": ["
  },
  {
    "I need to analyze the schema files to determine backward compatibility. Let me start by examining the existing schemas and then create the compatibility report.":"    {"
  },
  {
    "I need to analyze the schema files to determine backward compatibility. Let me start by examining the existing schemas and then create the compatibility report.":"      \"type\": \"string\""
  },
  {
    "I need to analyze the schema files to determine backward compatibility. Let me start by examining the existing schemas and then create the compatibility report.":"    {"
  },
  {
    "I need to analyze the schema files to determine backward compatibility. Let me start by examining the existing schemas and then create the compatibility report.":"      \"type\": \"string\""
  },
  {
    "I need to analyze the schema files to determine backward compatibility. Let me start by examining the existing schemas and then create the compatibility report.":"    {"
  },
  {
    "I need to analyze the schema files to determine backward compatibility. Let me start by examining the existing schemas and then create the compatibility report.":"      \"type\": \"long\""
  },
  {
    "I need to analyze the schema files to determine backward compatibility. Let me start by examining the existing schemas and then create the compatibility report.":"    {"
  },
  {
    "I need to analyze the schema files to determine backward compatibility. Let me start by examining the existing schemas and then create the compatibility report.":"      \"default\": null"
  },
  {
    "I need to analyze the schema files to determine backward compatibility. Let me start by examining the existing schemas and then create the compatibility report.":"    {"
  },
  {
    "I need to analyze the schema files to determine backward compatibility. Let me start by examining the existing schemas and then create the compatibility report.":"      \"default\": null"
  },
  {
    "I need to analyze the schema files to determine backward compatibility. Let me start by examining the existing schemas and then create the compatibility report.":"    {"
  },
  {
    "I need to analyze the schema files to determine backward compatibility. Let me start by examining the existing schemas and then create the compatibility report.":"      \"default\": null"
  },
  {
    "I need to analyze the schema files to determine backward compatibility. Let me start by examining the existing schemas and then create the compatibility report.":"    }"
  },
  {
    "I need to analyze the schema files to determine backward compatibility. Let me start by examining the existing schemas and then create the compatibility report.":"  ]"
  },
  {
    "I need to analyze the schema files to determine backward compatibility. Let me start by examining the existing schemas and then create the compatibility report.":"}"
  },
  {
    "I need to analyze the schema files to determine backward compatibility. Let me start by examining the existing schemas and then create the compatibility report.":"<\/content>"
  },
  {
    "I need to analyze the schema files to determine backward compatibility. Let me start by examining the existing schemas and then create the compatibility report.":"<\/write_file>"
  },
  {
    "I need to analyze the schema files to determine backward compatibility. Let me start by examining the existing schemas and then create the compatibility report.":"Now let me read the v1 schema:"
  },
  {
    "I need to analyze the schema files to determine backward compatibility. Let me start by examining the existing schemas and then create the compatibility report.":"<read_file>"
  },
  {
    "I need to analyze the schema files to determine backward compatibility. Let me start by examining the existing schemas and then create the compatibility report.":"<path>\/workspace\/schemas\/v1_schema.json<\/path>"
  },
  {
    "I need to analyze the schema files to determine backward compatibility. Let me start by examining the existing schemas and then create the compatibility report.":"<\/read_file>"
  },
  {
    "I need to analyze the schema files to determine backward compatibility. Let me start by examining the existing schemas and then create the compatibility report.":"Now let me read the v3 proposed schema:"
  },
  {
    "I need to analyze the schema files to determine backward compatibility. Let me start by examining the existing schemas and then create the compatibility report.":"<read_file>"
  },
  {
    "I need to analyze the schema files to determine backward compatibility. Let me start by examining the existing schemas and then create the compatibility report.":"<path>\/workspace\/schemas\/v3_proposed.json<\/path>"
  },
  {
    "I need to analyze the schema files to determine backward compatibility. Let me start by examining the existing schemas and then create the compatibility report.":"<\/read_file>"
  },
  {
    "I need to analyze the schema files to determine backward compatibility. Let me start by examining the existing schemas and then create the compatibility report.":"Based on Avro backward compatibility rules:"
  },
  {
    "I need to analyze the schema files to determine backward compatibility. Let me start by examining the existing schemas and then create the compatibility report.":"- New schema can ADD fields with default values"
  },
  {
    "I need to analyze the schema files to determine backward compatibility. Let me start by examining the existing schemas and then create the compatibility report.":"- New schema can DELETE optional fields"
  },
  {
    "I need to analyze the schema files to determine backward compatibility. Let me start by examining the existing schemas and then create the compatibility report.":"- New schema CANNOT make optional fields required"
  },
  {
    "I need to analyze the schema files to determine backward compatibility. Let me start by examining the existing schemas and then create the compatibility report.":"- New schema CANNOT add required fields without defaults"
  },
  {
    "I need to analyze the schema files to determine backward compatibility. Let me start by examining the existing schemas and then create the compatibility report.":"- New schema CANNOT change field types"
  },
  {
    "I need to analyze the schema files to determine backward compatibility. Let me start by examining the existing schemas and then create the compatibility report.":"Let me analyze the schemas and create the compatibility report:"
  },
  {
    "I need to analyze the schema files to determine backward compatibility. Let me start by examining the existing schemas and then create the compatibility report.":"<write_file>"
  },
  {
    "I need to analyze the schema files to determine backward compatibility. Let me start by examining the existing schemas and then create the compatibility report.":"<path>\/workspace\/compatibility_report.txt<\/path>"
  },
  {
    "I need to analyze the schema files to determine backward compatibility. Let me start by examining the existing schemas and then create the compatibility report.":"<content>v3_compatible_with_v2: yes"
  },
  {
    "I need to analyze the schema files to determine backward compatibility. Let me start by examining the existing schemas and then create the compatibility report.":"v3_compatible_with_v1: yes"
  },
  {
    "I need to analyze the schema files to determine backward compatibility. Let me start by examining the existing schemas and then create the compatibility report.":"issue_description: none"
  },
  {
    "I need to analyze the schema files to determine backward compatibility. Let me start by examining the existing schemas and then create the compatibility report.":"<\/content>"
  },
  {
    "I need to analyze the schema files to determine backward compatibility. Let me start by examining the existing schemas and then create the compatibility report.":"<\/write_file>"
  }
]