[
  {
    "max_weight":20,
    "time_seconds":15.3,
    "success":true
  },
  {
    "max_weight":20,
    "time_seconds":18.7,
    "success":true
  },
  {
    "max_weight":20,
    "time_seconds":14.2,
    "success":true
  },
  {
    "max_weight":20,
    "time_seconds":16.8,
    "success":true
  },
  {
    "max_weight":20,
    "time_seconds":19.3,
    "success":true
  },
  {
    "max_weight":20,
    "time_seconds":15.9,
    "success":true
  },
  {
    "max_weight":20,
    "time_seconds":17.4,
    "success":true
  },
  {
    "max_weight":20,
    "time_seconds":16.1,
    "success":true
  },
  {
    "max_weight":20,
    "time_seconds":18.2,
    "success":true
  },
  {
    "max_weight":20,
    "time_seconds":15.7,
    "success":true
  },
  {
    "max_weight":20,
    "time_seconds":20.1,
    "success":true
  },
  {
    "max_weight":20,
    "time_seconds":17.8,
    "success":true
  },
  {
    "max_weight":25,
    "time_seconds":12.5,
    "success":true
  },
  {
    "max_weight":25,
    "time_seconds":13.8,
    "success":true
  },
  {
    "max_weight":25,
    "time_seconds":11.9,
    "success":true
  },
  {
    "max_weight":25,
    "time_seconds":14.3,
    "success":true
  },
  {
    "max_weight":25,
    "time_seconds":12.1,
    "success":true
  },
  {
    "max_weight":25,
    "time_seconds":13.5,
    "success":true
  },
  {
    "max_weight":25,
    "time_seconds":11.7,
    "success":true
  },
  {
    "max_weight":25,
    "time_seconds":14.8,
    "success":true
  },
  {
    "max_weight":25,
    "time_seconds":13.2,
    "success":true
  },
  {
    "max_weight":25,
    "time_seconds":12.9,
    "success":true
  },
  {
    "max_weight":25,
    "time_seconds":15.1,
    "success":true
  },
  {
    "max_weight":25,
    "time_seconds":13.6,
    "success":true
  },
  {
    "max_weight":25,
    "time_seconds":12.3,
    "success":true
  },
  {
    "max_weight":30,
    "time_seconds":18.4,
    "success":true
  },
  {
    "max_weight":30,
    "time_seconds":22.1,
    "success":true
  },
  {
    "max_weight":30,
    "time_seconds":19.7,
    "success":true
  },
  {
    "max_weight":30,
    "time_seconds":21.3,
    "success":true
  },
  {
    "max_weight":30,
    "time_seconds":20.5,
    "success":true
  },
  {
    "max_weight":30,
    "time_seconds":23.8,
    "success":true
  },
  {
    "max_weight":30,
    "time_seconds":18.9,
    "success":true
  },
  {
    "max_weight":30,
    "time_seconds":19.2,
    "success":true
  },
  {
    "max_weight":30,
    "time_seconds":21.7,
    "success":false
  },
  {
    "max_weight":30,
    "time_seconds":22.9,
    "success":true
  },
  {
    "max_weight":30,
    "time_seconds":20.1,
    "success":true
  },
  {
    "max_weight":30,
    "time_seconds":19.5,
    "success":true
  },
  {
    "max_weight":35,
    "time_seconds":28.3,
    "success":true
  },
  {
    "max_weight":35,
    "time_seconds":31.7,
    "success":true
  },
  {
    "max_weight":35,
    "time_seconds":29.5,
    "success":true
  },
  {
    "max_weight":35,
    "time_seconds":33.2,
    "success":false
  },
  {
    "max_weight":35,
    "time_seconds":30.8,
    "success":true
  },
  {
    "max_weight":35,
    "time_seconds":32.4,
    "success":false
  },
  {
    "max_weight":35,
    "time_seconds":28.9,
    "success":true
  },
  {
    "max_weight":35,
    "time_seconds":34.1,
    "success":false
  },
  {
    "max_weight":35,
    "time_seconds":29.7,
    "success":true
  },
  {
    "max_weight":35,
    "time_seconds":31.3,
    "success":true
  },
  {
    "max_weight":35,
    "time_seconds":30.2,
    "success":false
  },
  {
    "max_weight":35,
    "time_seconds":33.8,
    "success":true
  },
  {
    "max_weight":35,
    "time_seconds":29.1,
    "success":true
  },
  {
    "max_weight":15,
    "time_seconds":22.4,
    "success":true
  },
  {
    "max_weight":15,
    "time_seconds":25.8,
    "success":true
  },
  {
    "max_weight":15,
    "time_seconds":23.6,
    "success":true
  },
  {
    "max_weight":15,
    "time_seconds":24.1,
    "success":false
  },
  {
    "max_weight":15,
    "time_seconds":26.3,
    "success":true
  },
  {
    "max_weight":15,
    "time_seconds":23.9,
    "success":true
  },
  {
    "max_weight":15,
    "time_seconds":25.2,
    "success":false
  },
  {
    "max_weight":15,
    "time_seconds":24.7,
    "success":true
  },
  {
    "max_weight":15,
    "time_seconds":22.8,
    "success":true
  },
  {
    "max_weight":15,
    "time_seconds":25.5,
    "success":true
  },
  {
    "max_weight":15,
    "time_seconds":23.3,
    "success":true
  },
  {
    "max_weight":15,
    "time_seconds":24.9,
    "success":true
  },
  {
    "max_weight":40,
    "time_seconds":38.7,
    "success":true
  },
  {
    "max_weight":40,
    "time_seconds":42.3,
    "success":false
  },
  {
    "max_weight":40,
    "time_seconds":39.5,
    "success":true
  },
  {
    "max_weight":40,
    "time_seconds":41.8,
    "success":false
  },
  {
    "max_weight":40,
    "time_seconds":37.9,
    "success":false
  },
  {
    "max_weight":40,
    "time_seconds":43.2,
    "success":false
  },
  {
    "max_weight":40,
    "time_seconds":38.4,
    "success":true
  },
  {
    "max_weight":40,
    "time_seconds":40.6,
    "success":false
  },
  {
    "max_weight":40,
    "time_seconds":39.1,
    "success":true
  },
  {
    "max_weight":40,
    "time_seconds":42.7,
    "success":false
  },
  {
    "max_weight":40,
    "time_seconds":38.2,
    "success":true
  },
  {
    "max_weight":40,
    "time_seconds":41.3,
    "success":false
  },
  {
    "max_weight":45,
    "time_seconds":47.5,
    "success":false
  },
  {
    "max_weight":45,
    "time_seconds":49.8,
    "success":false
  },
  {
    "max_weight":45,
    "time_seconds":48.3,
    "success":true
  },
  {
    "max_weight":45,
    "time_seconds":51.2,
    "success":false
  },
  {
    "max_weight":45,
    "time_seconds":46.9,
    "success":false
  },
  {
    "max_weight":45,
    "time_seconds":50.4,
    "success":false
  },
  {
    "max_weight":45,
    "time_seconds":47.8,
    "success":true
  },
  {
    "max_weight":45,
    "time_seconds":49.1,
    "success":false
  },
  {
    "max_weight":45,
    "time_seconds":48.6,
    "success":true
  },
  {
    "max_weight":45,
    "time_seconds":52.3,
    "success":false
  },
  {
    "max_weight":45,
    "time_seconds":47.2,
    "success":false
  },
  {
    "max_weight":45,
    "time_seconds":50.8,
    "success":false
  },
  {
    "max_weight":10,
    "time_seconds":28.9,
    "success":false
  },
  {
    "max_weight":10,
    "time_seconds":31.4,
    "success":true
  },
  {
    "max_weight":10,
    "time_seconds":29.7,
    "success":false
  },
  {
    "max_weight":10,
    "time_seconds":32.8,
    "success":false
  },
  {
    "max_weight":10,
    "time_seconds":30.2,
    "success":true
  },
  {
    "max_weight":10,
    "time_seconds":33.5,
    "success":false
  },
  {
    "max_weight":10,
    "time_seconds":29.4,
    "success":false
  },
  {
    "max_weight":10,
    "time_seconds":31.9,
    "success":true
  },
  {
    "max_weight":10,
    "time_seconds":30.6,
    "success":false
  },
  {
    "max_weight":10,
    "time_seconds":32.1,
    "success":false
  },
  {
    "max_weight":10,
    "time_seconds":29.8,
    "success":true
  },
  {
    "max_weight":10,
    "time_seconds":31.2,
    "success":false
  },
  {
    "max_weight":50,
    "time_seconds":55.3,
    "success":false
  },
  {
    "max_weight":50,
    "time_seconds":58.7,
    "success":false
  },
  {
    "max_weight":50,
    "time_seconds":56.2,
    "success":false
  },
  {
    "max_weight":50,
    "time_seconds":59.4,
    "success":false
  },
  {
    "max_weight":50,
    "time_seconds":54.8,
    "success":false
  },
  {
    "max_weight":50,
    "time_seconds":57.9,
    "success":false
  },
  {
    "max_weight":50,
    "time_seconds":55.6,
    "success":true
  },
  {
    "max_weight":50,
    "time_seconds":58.1,
    "success":false
  },
  {
    "max_weight":50,
    "time_seconds":56.8,
    "success":false
  },
  {
    "max_weight":50,
    "time_seconds":59.8,
    "success":false
  },
  {
    "max_weight":50,
    "time_seconds":55.1,
    "success":false
  },
  {
    "max_weight":50,
    "time_seconds":57.3,
    "success":false
  },
  {
    "max_weight":22,
    "time_seconds":16.8,
    "success":true
  },
  {
    "max_weight":22,
    "time_seconds":18.3,
    "success":true
  },
  {
    "max_weight":22,
    "time_seconds":17.2,
    "success":true
  },
  {
    "max_weight":22,
    "time_seconds":19.1,
    "success":true
  },
  {
    "max_weight":22,
    "time_seconds":16.5,
    "success":true
  },
  {
    "max_weight":22,
    "time_seconds":18.7,
    "success":true
  },
  {
    "max_weight":22,
    "time_seconds":17.6,
    "success":true
  },
  {
    "max_weight":22,
    "time_seconds":19.4,
    "success":true
  },
  {
    "max_weight":22,
    "time_seconds":16.9,
    "success":true
  },
  {
    "max_weight":22,
    "time_seconds":18.1,
    "success":true
  },
  {
    "max_weight":22,
    "time_seconds":17.4,
    "success":true
  },
  {
    "max_weight":22,
    "time_seconds":19.7,
    "success":false
  },
  {
    "max_weight":28,
    "time_seconds":20.3,
    "success":true
  },
  {
    "max_weight":28,
    "time_seconds":22.8,
    "success":true
  },
  {
    "max_weight":28,
    "time_seconds":21.5,
    "success":true
  },
  {
    "max_weight":28,
    "time_seconds":23.4,
    "success":true
  },
  {
    "max_weight":28,
    "time_seconds":20.9,
    "success":true
  },
  {
    "max_weight":28,
    "time_seconds":22.1,
    "success":true
  },
  {
    "max_weight":28,
    "time_seconds":21.8,
    "success":true
  },
  {
    "max_weight":28,
    "time_seconds":23.7,
    "success":true
  },
  {
    "max_weight":28,
    "time_seconds":20.6,
    "success":true
  },
  {
    "max_weight":28,
    "time_seconds":22.4,
    "success":true
  },
  {
    "max_weight":28,
    "time_seconds":21.2,
    "success":true
  },
  {
    "max_weight":28,
    "time_seconds":23.1,
    "success":true
  },
  {
    "max_weight":28,
    "time_seconds":20.8,
    "success":true
  }
]